duration,src_bytes,dst_bytes,packets,protocol,flags,connections_last_min,label
2.4042086039659947,321,245,9,0,6,2,0
2.3361896558244535,288,254,9,0,6,3,1
2.384760999874255,294,246,10,0,2,1,0
0.2797942898515832,290,253,8,0,2,1,0
0.08643739969837702,295,289,8,0,3,3,0
1.4526605157061507,309,230,13,0,1,3,0
1.4099606942575735,309,269,8,0,3,0,0
3.1242959565494974,293,225,14,0,2,1,1
0.0792941971835091,311,248,6,0,0,2,0
1.0465608465431644,293,261,9,0,5,4,1
0.07043630679780821,505,252,13,0,6,1,0
1.0890236280239596,326,248,14,1,2,1,1
1.731327352883808,277,231,12,0,3,2,0
0.3868948245899113,313,219,6,0,3,2,0
1.2315856626615727,305,241,12,0,0,4,0
0.1537732538262267,292,264,8,1,4,2,0
0.09157726739019154,1287,266,23,0,3,1,0
0.31517920213239287,282,270,12,0,7,0,0
0.901199275370158,288,239,7,0,2,2,0
0.4129853297384894,275,268,9,0,6,1,0
1.2473859498136242,288,249,13,0,3,2,1
0.22357637221232038,288,255,14,1,1,1,0
1.8379702641444624,294,237,11,0,2,2,1
1.2270858632142592,292,255,7,1,7,3,1
0.6557961539630006,272,240,9,1,2,0,1
0.41708670631181666,283,222,13,1,6,3,1
0.45331968929826566,300,256,11,1,5,3,0
0.07707714705565474,290,250,7,0,5,2,0
0.17963225437455377,314,253,8,0,6,1,0
0.6853204516042503,326,265,7,0,4,1,0
0.3886802361598213,314,258,10,0,4,3,1
1.2642068575651064,290,268,10,0,0,1,0
0.7084906274161253,314,242,10,1,5,1,0
0.23792995429801636,308,255,14,0,5,1,0
0.4610883362574712,314,262,11,0,0,0,0
0.6415567371905141,305,222,11,0,4,1,0
0.34383336143779325,273,272,9,0,4,2,0
0.3219112209063105,296,261,11,0,2,4,0
0.8789146821925446,297,248,14,0,0,3,0
0.29694720892879944,295,238,6,0,0,1,1
1.3337024250318834,324,259,9,0,1,3,1
1.3908639862459073,1237,244,15,1,1,2,0
1.0840829279651931,291,261,7,0,1,3,0
0.07302834798043581,296,264,6,0,4,1,0
1.1340675017227546,300,228,11,0,3,2,0
1.3543379878651725,292,259,13,0,0,1,0
1.1220396514574276,296,234,14,0,0,1,0
0.2800491202364232,319,257,8,0,5,3,0
0.3209361910360324,301,251,12,0,7,0,0
0.1657359073015982,318,236,8,0,6,0,1
0.35436351269146177,276,236,8,0,6,1,0
0.02113975640978781,311,237,11,0,2,0,0
0.16735639611571346,305,206,12,0,5,2,1
1.3150568445471564,267,234,11,0,0,1,1
3.9957562711848387,287,217,6,0,1,3,0
0.5635380923886348,325,214,9,1,1,2,0
0.2840397016008279,291,259,8,0,1,2,0
0.39775625390723557,311,236,6,0,2,5,0
0.3613422229349129,280,259,6,1,0,0,0
0.12963360322360132,323,247,10,1,6,2,0
1.08332513487161,330,241,6,1,5,2,1
1.3758488535174436,276,256,12,0,5,2,1
1.5078091306428072,338,296,7,1,1,1,1
5.309882795759777,293,197,7,1,6,3,0
2.1066602347767636,296,245,14,0,0,4,1
1.644865840495582,326,251,12,0,7,0,1
1.0434914819766037,311,245,11,1,5,0,0
0.592524198960791,292,275,6,0,1,2,0
0.044453556271847196,273,248,6,0,1,1,0
0.9566027868201981,313,265,14,0,5,4,0
0.6213830874929431,278,260,13,0,6,0,1
1.507961375109591,293,269,14,0,3,1,0
2.0280015811562464,289,233,13,0,0,2,1
0.3320688146972702,293,254,6,0,3,1,1
0.04975072120372614,294,234,13,1,3,3,1
0.9248222351227738,287,235,10,0,2,5,0
2.5534193997940475,294,268,12,0,7,4,0
0.821071596608456,302,244,9,0,2,2,0
2.130942885844376,294,238,12,0,1,2,0
0.7530147453398326,328,243,13,1,5,2,1
1.313994047643909,264,227,13,0,4,1,0
0.28878299468380514,298,257,10,0,4,2,0
0.13441725083868836,303,251,8,1,4,6,1
0.1424808327402921,1991,231,28,0,2,2,1
0.11768231807508758,312,217,10,0,2,1,1
0.054673118913529536,306,257,7,0,0,3,1
1.716593191494482,314,235,12,0,1,0,1
0.4486149987669271,322,267,6,1,4,3,1
0.38613126266509473,303,233,9,0,3,3,0
0.9349593345913374,321,237,12,0,5,3,0
0.1872674554681768,296,257,14,0,6,2,0
1.918292441851646,1190,236,20,1,4,4,0
1.2919560394404495,284,262,14,0,0,1,0
0.32924219600070564,325,253,13,0,0,2,0
0.2005918143724361,283,252,8,0,1,3,0
0.5310196092685465,305,257,13,0,2,3,0
0.3048308698067651,290,259,9,0,0,2,0
0.07573869889235595,312,236,11,0,6,3,0
0.5035597984521158,338,260,7,0,2,3,1
2.251878564701117,299,254,10,0,5,2,0
1.0088499373603437,297,252,12,0,1,4,1
3.082411225612162,301,241,14,0,0,1,1
2.046432325133137,305,227,14,0,1,1,0
1.1178920988415986,294,273,13,0,3,2,0
1.8506003950998422,292,242,11,1,3,2,1
0.7269306835668887,281,253,13,0,3,2,0
1.0678492560009665,300,227,6,0,7,2,0
0.3802188861549473,249,235,13,0,5,3,1
0.21905413174549496,295,254,7,0,5,5,0
2.1449173839231466,284,258,9,0,0,0,0
0.14030296197025907,304,265,14,1,3,3,0
0.18789899501048302,304,222,12,0,4,1,1
0.31024173757568946,319,250,13,0,4,4,0
0.9674993801737591,296,271,12,0,7,2,0
0.41383907602047015,322,240,11,0,3,2,1
0.6844829353149614,303,263,7,0,2,3,0
2.1597789009247332,281,274,14,0,7,4,0
1.5417202360342652,312,264,11,0,2,3,1
1.171246990387693,312,241,12,1,4,0,0
0.17094993045862605,322,266,9,0,0,2,0
1.1894209366929656,272,256,14,0,1,3,0
0.4544783315998827,286,266,10,1,0,1,0
0.12376359689378647,296,258,7,0,3,0,1
0.3994257180569916,299,262,7,0,7,0,0
0.07055743619132528,319,248,12,0,0,0,0
0.915085150120966,299,248,12,1,7,1,1
0.9716769214862169,308,244,7,0,6,1,1
0.29430010930499656,287,233,12,0,0,0,0
0.045841417026111296,293,261,14,0,0,0,0
2.729310446990541,298,257,10,0,7,1,1
0.8077991595337911,290,260,14,0,4,1,0
1.4880727897906234,293,227,7,0,1,2,0
0.35279488611087756,323,239,9,1,7,2,1
1.676400863298027,278,255,11,0,4,6,0
1.641271409616105,320,267,9,0,5,3,0
0.09313217936121788,1003,242,13,0,5,3,0
5.431589672018065,313,240,10,0,1,1,1
0.6735961781156423,305,244,9,0,2,2,0
1.3977584232701692,293,243,7,0,1,1,0
0.24369895166119332,287,241,9,0,4,2,0
0.9838213463931863,277,244,9,1,7,2,1
0.28624298864664643,305,260,13,0,5,6,0
1.6139449374426944,313,235,10,0,5,0,0
0.4630755520823069,317,241,9,1,1,2,0
0.7790971876126078,303,245,9,0,4,1,1
0.5280705734157549,291,234,11,1,7,1,1
0.7535100511906275,296,261,8,1,0,1,1
0.4723009380049046,299,211,13,0,1,3,1
0.6129939360719022,286,281,9,0,5,2,0
0.028721511466610204,277,256,9,0,0,2,0
1.5875089804999862,314,239,6,1,1,0,0
2.5096483883382312,326,233,13,0,7,2,1
0.5809595327310999,267,236,10,1,0,2,1
3.4040892966934733,307,278,7,0,3,4,0
0.16808649612775428,319,271,7,0,2,2,1
2.784647608936616,304,253,9,0,3,1,0
0.36435443432383513,304,261,13,1,2,4,1
0.6686582601421948,297,274,6,0,2,2,1
2.4369942917513727,284,251,7,0,6,0,0
0.12692493293028886,299,256,11,1,0,2,1
0.19098496008129723,260,242,10,0,1,1,0
1.3425286534513001,304,256,14,0,2,3,0
0.9823789215008222,308,259,12,1,6,2,1
0.2879688397459327,307,268,11,1,3,4,0
0.4433582931882115,306,272,9,0,0,0,0
0.749851050712077,305,266,11,0,4,2,0
1.8997553816655635,288,253,11,0,5,4,1
0.3583204003610748,323,245,8,0,3,4,0
0.7650648542251959,272,236,9,0,0,1,0
0.35418522043705447,285,251,14,0,7,4,1
0.3043185133518662,319,241,10,0,6,2,1
2.1335421945681414,304,233,10,0,7,3,1
0.5565830377633566,297,253,13,1,7,3,1
1.3394252684601282,312,260,8,0,2,2,1
0.3027025777727855,293,251,7,0,3,0,0
0.1860350940111288,279,230,14,1,7,1,1
1.1424078211889555,294,257,13,1,3,4,0
1.4174534661483917,300,259,9,0,6,1,1
0.950886444852336,274,232,14,1,5,1,1
1.1873516130319894,318,258,9,0,7,2,0
1.018852425371325,315,231,12,0,0,0,0
1.0919559509921228,275,270,6,0,5,2,0
2.2546826014947734,344,230,12,0,6,1,1
2.823469049743452,324,281,8,0,1,1,1
0.6623573405622959,303,257,8,0,5,2,0
0.09074493750219544,318,242,13,1,1,1,0
1.4037343050979292,288,270,7,0,7,4,1
0.8461935860813983,1253,244,19,0,7,1,1
2.440466587112093,298,242,14,0,0,2,1
1.0444733859758097,276,283,14,0,4,1,0
0.14026962492330494,286,248,9,1,3,3,0
1.0492073828040775,279,221,6,0,7,0,0
0.5724447094373178,380,224,9,0,2,1,0
0.11513613942953059,281,232,11,0,5,1,0
0.27385011012661453,293,229,9,0,0,6,0
3.4760395931951957,328,271,12,0,1,2,0
0.40292725961688863,2114,249,32,0,7,2,1
0.2580908728936734,1248,253,21,1,3,0,0
0.4441059758014889,306,261,11,0,6,1,1
2.0673543748199155,310,244,10,0,7,3,0
1.0888361765727501,343,242,7,0,7,5,0
0.19770508939601877,315,251,11,0,0,3,0
0.008129422833034009,300,246,14,0,1,2,0
0.43802351556799374,292,249,12,0,5,3,0
0.15062695079852467,301,211,12,0,7,2,0
2.0674620819983383,354,243,13,0,7,5,1
0.10658819619678696,291,249,9,1,5,2,0
0.6842425902103935,1397,241,20,0,0,1,1
1.0175274673718269,307,231,14,0,5,3,0
2.8700053938568244,289,244,10,0,2,0,0
0.2904781563884599,298,275,12,0,6,1,0
1.7357798997128928,306,273,11,0,4,3,0
0.7636693720121972,313,250,7,1,1,2,1
1.7300200420527727,305,272,8,1,6,5,1
0.35813006797677993,256,236,7,0,7,2,1
0.332768989344245,313,224,7,0,4,3,1
0.252773025505315,302,239,13,0,6,1,0
1.0438968219105396,310,271,14,0,0,0,0
0.6496266100952667,277,236,14,1,2,0,1
0.86607931246509,269,212,6,0,1,1,0
1.2828283748852816,291,254,10,0,2,2,1
1.1540774369940487,298,237,8,1,3,1,0
1.0452982866446112,314,285,6,0,3,0,1
1.3987476397425094,308,241,11,0,2,2,1
0.034436823445474836,289,226,13,1,4,3,0
1.5049398538863012,272,256,6,0,1,2,0
1.3004112766233569,296,257,11,0,2,2,0
0.43866314312447097,298,246,6,0,6,2,0
0.23972735672963535,248,259,13,1,4,6,0
0.7106144156597228,306,250,6,0,0,1,0
2.0256957461386347,308,238,9,0,2,3,0
0.32592806356227927,324,260,7,0,6,1,0
1.4332892380519973,300,259,9,1,1,1,0
2.969057888654966,288,218,9,0,7,4,1
0.3988246706945012,283,265,10,0,2,2,1
4.302772160729844,303,258,13,1,5,2,0
0.06039598272558849,303,261,14,0,3,2,0
0.03718497562743924,289,261,9,0,5,2,0
1.8573087241059774,271,219,13,0,6,4,0
0.6453881553499075,325,251,9,0,1,3,0
0.6060461013453459,301,242,7,0,2,3,0
1.9591772914840946,298,264,11,0,4,0,0
2.4749997066580396,318,266,12,0,2,2,1
0.8242784025289536,311,243,8,0,3,2,0
2.1065553890164446,304,240,11,1,7,5,1
1.01046984724226,289,237,9,0,1,3,1
0.5014629629970132,312,241,7,1,1,2,0
0.24329251664189527,308,213,9,0,4,1,1
1.3767652459932085,318,275,9,0,0,1,0
2.1408836436965824,298,259,9,0,0,4,0
2.6698869648623615,295,272,14,0,6,1,0
0.3020106473812679,274,244,9,0,2,0,1
1.0257996836638181,320,220,11,0,0,0,0
0.5133034307296984,295,241,6,1,5,1,0
1.711928419781258,936,249,14,0,3,1,0
0.22071446393145225,326,264,13,0,3,0,0
0.058946484860368464,304,259,14,0,3,3,0
0.3609140972902796,306,255,14,1,1,0,0
0.07066036428257613,295,234,6,0,6,2,0
0.471103699122514,304,262,13,0,0,2,0
0.4878800081779502,299,258,8,0,3,4,1
0.11338919217881528,313,247,6,0,2,3,0
3.0872302768364226,317,235,6,0,5,1,0
0.3021803331032674,280,273,12,0,4,4,1
1.1967678266668553,289,250,11,0,3,2,0
0.20072057272960267,286,241,11,1,4,1,0
0.5087669561834677,287,268,13,0,1,3,0
0.09024371368445662,338,218,6,0,1,2,0
0.11784197096271168,323,261,6,0,7,1,0
0.011151235811089236,318,237,14,1,4,4,0
1.6153670617131966,295,255,11,0,5,1,1
0.35525473593827656,310,270,12,0,7,1,0
0.6926325182679285,294,250,10,1,7,7,1
0.8689464897285845,311,260,7,0,4,0,0
0.1798130299187927,325,260,10,0,6,3,1
2.9331469691445498,281,243,14,0,4,2,0
0.5466443604323945,287,266,7,0,1,3,0
0.0753752293911616,322,236,7,0,4,2,1
0.10804393129987426,301,236,9,0,7,2,1
0.4963333049646248,293,237,10,0,7,2,1
0.12699114188633792,281,244,11,0,4,1,1
0.3263265440768887,315,245,7,1,7,4,0
0.7433347721699812,295,252,14,0,1,4,0
0.04149710590830733,303,255,7,1,0,4,0
0.3588947545220173,288,241,7,0,3,0,0
1.5698881582450421,282,245,14,0,1,2,0
0.07452170978071773,311,252,9,1,7,2,0
0.9703579740819206,273,243,11,0,0,3,0
0.050469845953398686,281,239,9,0,4,2,1
2.678108778517038,293,253,8,0,6,3,0
0.2541958831821383,284,249,10,0,0,1,0
0.2450821059913094,300,249,12,0,0,2,0
1.0901070261283965,285,258,6,1,4,0,0
2.259366901532878,319,267,13,0,7,1,0
3.1877369293648106,324,234,7,0,0,3,0
1.3817261922817983,2194,222,33,0,0,0,0
1.7276116298428026,309,265,14,0,7,3,1
1.0968462576879332,308,237,14,0,4,0,0
0.19253658017890707,274,227,11,0,5,2,0
1.1656526100256273,363,261,15,0,2,0,0
0.16688029401279636,280,253,13,0,2,0,0
0.9891627019684367,325,251,11,0,3,2,1
0.7672578764123835,313,258,14,0,1,1,0
0.35756437129600055,307,263,9,0,3,2,0
0.710144264262354,287,256,13,0,7,0,0
0.9022542371734172,276,231,14,0,5,1,0
0.23171685648388615,307,253,11,0,6,1,1
0.4180828162150445,284,257,7,0,3,4,1
0.42272816432313665,310,216,7,0,6,4,0
0.11242465616541455,333,274,8,0,3,3,0
0.2896455646667855,319,279,10,1,4,5,0
1.0260616734182906,320,250,9,1,5,1,0
1.1950953450858308,306,235,13,0,6,1,1
0.5739291177092244,309,264,8,1,7,5,1
0.599939617665731,265,257,7,0,0,3,0
0.3978591797422607,276,250,11,0,6,0,0
1.1666191088663176,291,229,7,0,5,4,1
0.40624261208258683,282,249,14,0,5,3,0
0.9581683314198998,310,233,6,0,0,2,0
0.6401115222707529,289,246,10,1,3,1,0
0.6002810550498718,297,255,14,0,7,2,0
2.87325589005893,289,227,10,0,7,1,1
2.144853703503543,298,247,13,0,1,6,0
0.953948051495801,317,240,9,0,3,5,0
1.1929052278988188,285,237,12,1,6,1,1
0.14797011828346168,298,277,12,0,7,3,0
0.46350362528347855,309,241,10,0,2,2,0
1.3026945329151136,308,252,6,0,6,1,1
1.0230112053546674,293,269,14,0,6,4,1
0.23671527753890453,2282,213,25,0,1,7,0
3.1058434861566266,297,249,9,0,0,1,0
0.03837956723580831,284,264,11,0,0,2,1
1.1133637835813222,286,244,12,0,1,1,1
0.09642762351956186,314,251,10,0,5,2,0
2.457298838474397,294,245,9,0,3,5,1
0.0865791766794177,318,238,9,0,5,2,0
1.551659864300225,308,245,14,1,0,5,0
0.18107526003791552,313,248,9,0,4,0,1
4.540530969020728,296,237,13,0,5,0,1
0.578086279466838,291,263,6,1,7,2,0
1.174286797884094,807,245,16,0,2,1,1
0.9793892003039166,295,249,12,1,4,2,0
0.6698924827212848,332,235,12,0,3,0,1
1.4420299110524233,306,304,10,1,2,3,0
0.7400127454521053,276,265,12,0,5,3,0
2.7406027077736583,288,238,10,1,4,0,0
0.061045913669306076,301,229,11,0,6,4,1
5.358865474175313,280,238,14,0,0,0,0
0.8278405508420567,302,286,12,0,1,0,0
0.2948392790153039,302,274,12,0,4,2,1
0.5865626058671407,275,243,14,0,4,0,0
1.2430498695193724,306,257,7,1,7,0,0
0.9968168815725921,306,244,11,0,5,2,1
2.087506708616695,294,233,11,0,0,3,0
2.275738207786621,294,264,12,0,3,3,0
0.9455467573033729,352,254,8,0,6,1,1
1.5743159402737685,330,252,12,1,6,0,1
0.6721757113822592,311,232,7,0,6,2,1
0.11501640979199891,302,277,9,0,3,1,1
0.5438865615768195,298,218,12,0,0,2,1
0.2940136792778885,945,254,14,0,1,7,0
1.9718681936931481,280,275,7,0,6,1,0
0.2289034434325963,265,273,12,0,2,1,1
1.2740974481744674,309,227,8,0,6,4,0
2.272813355555614,293,259,13,1,0,1,0
0.1338603660753382,305,243,14,0,3,2,0
0.9493569356629081,303,232,9,0,7,2,0
2.6084305894431035,308,259,12,0,1,1,1
0.515991963729606,291,251,8,0,0,1,1
0.49216069209396335,286,278,14,0,2,3,1
0.6640426973250644,318,232,8,0,0,3,0
0.20594493300088396,289,237,13,0,4,6,0
0.18008485603411936,291,254,13,0,1,4,1
3.1070514898235255,280,252,8,0,1,3,0
2.4009799413128685,301,278,13,0,4,3,0
0.5888472698209808,280,279,11,0,2,1,0
0.32349000813231016,287,245,12,0,5,5,0
1.3441593253349646,274,265,9,0,7,0,0
4.347894572488503,287,242,8,0,7,4,0
2.1672921954094613,291,266,12,0,5,4,0
0.48608343397614623,304,256,6,0,7,3,1
0.6622424798857837,298,233,9,0,5,1,1
1.0955143362329742,300,242,7,0,0,3,1
0.7508227386816657,308,253,6,0,7,3,0
0.3240686734709849,311,246,6,0,4,1,0
0.32115230799158795,306,266,6,0,0,0,1
1.0830987079056138,274,263,14,0,4,2,1
3.493006427577018,267,238,12,0,1,2,0
0.1916741969921064,265,264,14,0,4,5,1
1.1892137478865918,280,250,6,0,5,3,0
2.6246818286521365,316,247,14,0,0,3,1
0.012737874108723634,290,230,11,0,3,2,1
0.5486661245592855,303,219,13,0,0,2,0
1.347937174357002,308,255,13,0,0,6,1
2.273413113936874,319,265,8,0,1,0,1
2.817394921744403,286,236,12,0,6,4,0
0.33400908291751646,271,221,10,1,3,2,0
0.07058775069428785,304,261,9,0,0,4,0
0.3413776385050526,270,271,10,0,5,1,0
0.8089310867021997,289,247,7,0,4,1,1
0.2647806270256217,314,244,7,1,1,1,0
0.4294038038350554,288,285,14,0,4,2,0
1.4189703059860204,1176,235,21,0,1,3,1
0.01757280429231532,291,272,11,0,5,1,1
1.7765398326222452,295,254,12,0,7,4,0
0.02114418124988863,299,241,9,0,2,1,1
0.957548372179686,290,249,8,0,5,2,1
0.05905279268355731,288,275,14,0,0,0,0
0.3200499844906422,305,250,14,0,3,4,0
0.5841086766913477,316,237,7,0,7,2,0
2.1752954065027827,287,269,13,0,0,0,1
0.21582259342591154,306,232,9,0,7,3,0
3.885914126977382,282,256,12,0,0,1,0
2.178188095256309,294,252,6,1,3,1,0
0.07921221020991333,314,259,10,0,1,5,0
0.008934452364572852,298,256,7,1,0,1,0
0.1697836714523393,329,250,13,0,2,2,1
0.9746418347151228,324,239,9,0,4,3,0
6.169099648358276,307,261,8,0,5,4,0
0.3551950843011862,306,266,12,0,2,5,0
1.39764911142128,1761,242,29,0,3,1,1
0.0838804868694896,284,259,9,0,1,1,0
1.5614091549916829,305,248,12,0,5,2,0
1.9881509920217018,286,230,12,0,1,1,1
2.217004270563247,294,236,10,1,6,2,0
2.250796953727151,295,240,13,0,1,2,0
1.6454937288749296,312,233,7,0,5,3,0
0.0847925802406572,318,235,13,0,2,3,1
0.8240884936991104,322,240,9,0,7,6,0
0.43633813105166913,292,285,6,0,2,0,0
0.46846852000525974,305,249,14,0,7,1,0
2.2336141900347166,1541,225,24,0,6,3,0
2.155111982383464,308,250,13,1,3,4,0
1.1693945147257352,314,266,7,0,3,1,1
0.2515640198835336,284,259,12,0,2,1,0
1.1024401256108245,302,267,12,0,3,1,0
0.28743063461784435,298,271,14,0,3,0,0
1.484540619921027,271,220,8,0,1,2,0
0.19345839044225385,287,264,14,0,2,0,0
1.1837638081149926,341,249,12,0,7,1,1
0.4752700478898607,307,271,8,1,7,1,1
0.09449034812534032,291,263,7,0,0,2,0
1.3800778102561704,290,230,14,1,5,7,0
0.12694082120899627,311,234,11,0,1,2,0
4.2730229453216095,298,257,7,0,5,1,1
0.6588596052777789,280,267,7,0,4,1,0
0.35512025572794576,288,250,13,0,7,1,1
0.19944265030492433,280,255,7,1,5,1,0
0.7294722849439448,291,250,7,0,6,1,1
1.391113871529135,283,233,11,0,6,1,0
1.776196895448466,302,205,13,1,5,2,1
0.8790406373562663,296,260,9,0,3,3,0
3.3876592036568045,273,251,11,0,2,2,0
1.5516037460273442,312,238,12,0,2,3,0
0.17843738625126743,320,244,11,0,2,3,0
3.2361115954282424,315,261,12,0,2,1,1
0.4038445039028884,290,282,8,1,2,3,1
3.399980680394217,319,263,11,0,4,2,1
0.3102301762442755,312,250,6,0,2,2,0
0.5258514088051074,321,247,12,0,2,2,1
1.1461831323964107,293,241,13,0,5,0,0
0.07368334008518339,282,258,13,0,2,0,0
2.634023248677619,268,257,6,0,0,4,0
0.4486228619637489,1963,268,31,1,0,2,1
0.25928500400421345,279,279,9,0,6,5,0
0.0607069928571819,305,234,6,0,7,1,1
0.02547243637686184,273,236,10,1,5,1,0
0.029153025210257928,269,256,11,0,0,0,0
0.38131255661682023,309,238,9,0,4,3,1
0.365137090800512,322,265,12,1,2,0,0
1.0205630209139605,334,246,10,0,2,1,0
2.29001399294263,300,231,7,0,7,4,0
1.1725742721609822,264,272,11,0,6,1,1
1.0904591864915836,312,262,8,0,5,0,1
0.5538399272691571,279,248,7,1,4,3,1
0.9680211269084987,283,238,8,0,4,1,0
0.8006248051710145,303,261,14,1,7,3,1
0.05369157171292098,307,281,11,0,5,0,0
0.26871992220163304,303,251,8,0,4,2,0
0.2592652887368225,329,231,9,0,0,1,1
0.07685869635050112,332,234,13,1,7,3,0
0.45742604773738127,275,282,11,1,6,2,1
0.0593146816639604,292,226,12,0,2,1,0
1.504303952560772,316,254,11,1,2,0,1
1.5397654257086688,279,252,14,0,7,2,0
0.10773471950560463,293,240,11,0,7,4,0
0.0861725258069411,288,237,9,0,3,3,1
3.1297328865997933,288,245,8,1,1,0,1
0.31370823840793155,314,241,6,0,6,1,1
0.704537154540019,278,226,12,0,5,2,0
0.6147236311041591,309,262,14,1,7,4,1
1.2732343183407686,307,239,11,0,4,2,0
1.036546139277744,297,289,10,0,4,2,0
2.2884944928646993,301,234,7,0,1,4,0
0.18851264094718123,281,240,11,0,4,2,0
1.0326060178666676,341,259,8,0,2,1,0
0.4297585417754103,293,255,11,0,1,2,0
0.7148215656743103,326,263,8,1,6,0,0
4.144518360062226,330,241,13,0,2,2,0
0.5411514031446735,276,242,14,0,1,3,0
1.1790552099431564,292,243,8,1,7,3,1
0.6401887342090072,324,229,8,0,7,2,0
0.19643675882527561,288,264,14,1,3,1,1
0.01963706771170913,274,237,6,0,2,3,1
1.5597364442991728,303,236,10,1,1,1,0
0.09562916219769495,270,260,7,0,5,3,0
0.1962491102003749,268,265,9,0,4,1,1
0.9130479708067714,292,248,6,0,4,2,1
0.37342509890997994,283,255,7,1,6,4,0
0.6119077397458649,957,273,16,1,3,2,0
0.6257261756784981,307,256,6,0,5,1,0
0.024159700509180013,311,258,13,0,5,1,0
2.2065463048385032,299,245,11,0,6,2,0
4.05596302988449,291,240,10,0,5,1,1
0.6845637070346762,308,252,10,1,0,1,0
0.4130588932448107,288,204,12,0,4,2,1
2.270738724815637,283,248,13,0,7,1,0
0.5361583905229784,306,266,6,1,4,0,0
0.9734493926927512,272,237,12,0,4,2,1
2.068861293666254,292,242,10,0,4,2,0
0.43076209601777915,304,227,13,0,4,2,1
1.925767715555381,299,263,13,0,3,2,0
1.1432990122907531,314,273,12,0,7,1,1
1.0264113967084796,299,251,12,0,0,1,0
1.765583584507349,336,244,7,0,6,3,0
0.014617879557007243,311,240,13,0,1,1,1
0.37332177355419455,2028,271,29,0,1,1,0
0.22554849862283188,305,240,8,0,4,3,1
0.3286393304256644,302,232,8,0,5,0,0
0.42221416940500633,289,245,10,0,7,2,0
0.2574420207674033,312,238,9,0,2,4,1
0.5962522232483364,271,258,12,0,0,0,1
0.3529504037445777,311,260,9,0,2,4,1
0.5609422328139514,305,257,7,0,4,4,0
0.6508317225284753,295,247,9,0,2,4,0
0.27104971156954033,300,265,13,0,2,2,1
0.9702080036661626,337,251,13,0,7,6,1
1.1758170890911013,293,260,8,0,4,4,0
1.5577183739831064,301,240,13,0,5,2,1
0.22967095082761368,289,253,6,0,5,3,1
0.9920010457862942,292,273,14,0,3,0,0
1.3719695996248267,280,238,12,1,5,6,1
0.04766117127769696,300,261,6,0,7,3,0
0.5703015678256727,316,245,12,0,5,2,1
0.9506669370831936,315,264,10,0,2,3,0
0.2976264876921044,249,244,12,0,6,1,1
1.8384697610201366,254,257,8,0,1,1,1
1.2952014121216489,300,249,14,1,0,2,0
0.18975021263561256,303,248,13,0,3,2,0
0.5967900684747803,309,245,8,0,4,1,0
3.3529315118527383,291,244,9,1,3,5,1
0.7978894130535272,304,285,11,0,2,1,0
1.4219213746254797,290,236,8,0,2,1,1
2.4738549868335884,310,252,14,0,7,2,1
0.5929012270759181,278,251,7,0,2,3,1
0.09706149975395285,325,255,8,1,6,2,0
0.24808520215343977,321,252,10,0,2,1,1
0.6633480081815639,300,276,10,1,0,3,1
0.5868015797184021,298,255,6,0,0,1,0
0.811208695626572,289,248,14,0,1,1,0
1.3186837348458154,330,251,8,0,6,3,1
1.5203243891533131,284,242,6,0,3,3,0
1.0662268013323757,302,231,10,0,5,3,1
2.8603555911685805,297,260,14,0,7,0,1
3.6151118664478243,278,238,6,0,0,3,0
1.3050840496196372,360,255,11,0,0,3,0
1.9466535811873897,269,253,14,1,7,0,0
0.5151343309079336,310,268,14,0,4,1,0
0.14423477647646554,267,243,7,0,4,2,1
0.8416737636347456,301,252,11,0,2,4,0
2.590309596874793,323,265,13,0,6,3,0
0.16001587366198936,301,262,12,1,5,1,0
0.4380692137506351,300,266,11,1,2,2,0
0.9981719236065236,308,242,12,0,5,3,0
0.5743075942389508,300,253,10,0,0,1,0
0.053583110352885766,290,258,6,0,1,3,0
4.155219240630377,306,251,11,0,1,2,0
0.7770829670633007,322,230,11,0,6,2,1
0.29213223298727925,308,247,13,0,5,2,0
0.497743208993977,280,237,14,1,0,3,1
0.029464155338979458,271,250,9,0,7,3,1
0.8050818948108174,331,244,14,0,6,2,1
1.6458569866850743,303,251,6,0,3,2,0
0.8070641282236385,269,252,14,1,1,4,0
1.4849548385192468,291,294,7,0,3,2,0
0.675501282857832,287,261,11,1,4,2,1
1.4568179027260912,255,255,12,1,5,3,0
0.7070074839648216,323,272,11,0,2,3,0
1.0224532589532218,309,244,14,0,0,0,1
1.9225097555146315,291,230,10,0,4,1,1
4.3919899142705905,310,271,7,0,5,4,1
0.5380673636130389,334,241,11,0,2,1,0
3.445194255117418,298,236,8,0,5,2,1
0.11204643852520449,313,281,11,1,4,1,0
0.9085192934471843,306,246,9,0,4,1,1
0.7025254916201404,297,237,6,0,0,2,0
0.8628864475068956,303,236,11,0,2,2,1
1.8470055240488648,303,274,6,0,2,1,0
0.4938414781814676,333,246,8,0,6,2,1
4.201433414235016,297,294,11,0,6,1,1
0.7940397619212047,319,271,13,0,6,3,0
1.461934121076927,310,289,8,0,3,1,0
0.8894239222857286,309,223,8,0,2,3,1
0.7370899920707272,284,237,8,0,3,1,0
0.5753121642056873,304,257,11,0,6,5,1
0.024375258019526534,321,234,7,0,4,0,0
3.9289164222367967,277,261,10,0,4,0,0
1.041732223414402,311,270,13,1,3,3,1
2.759950419318024,295,252,6,0,5,1,1
4.043928769009034,296,258,14,0,6,2,1
1.5492073088102347,311,215,10,0,5,1,0
0.47917926314915693,300,232,11,0,3,3,1
0.6341966252617345,309,270,11,1,6,0,1
0.09966948770274846,330,258,14,0,7,3,0
2.370289805667379,305,270,11,0,6,3,1
1.175517818383255,302,265,13,0,7,2,1
2.747591733455769,301,247,8,0,2,2,0
2.423094851029024,275,245,7,1,3,1,1
0.04105074673337288,300,227,11,1,1,2,0
1.7648361514897848,1807,257,22,0,2,1,0
0.14596797058102115,319,232,7,0,5,4,1
0.07642793425452304,260,247,7,0,5,3,0
1.1364718849730873,299,274,8,0,0,2,1
0.6086353513222633,311,258,6,0,6,2,0
1.575556889763214,669,288,16,1,1,1,0
3.2707948272595013,280,243,11,0,1,1,0
0.5501900412443771,325,224,7,0,4,5,0
0.9237617072887875,324,237,8,0,1,2,0
0.0031264388206263217,291,249,14,1,7,0,1
0.23115451756174415,276,242,14,1,1,3,0
1.1212785343537786,322,260,7,0,1,2,1
0.012499124679650054,292,230,11,0,6,0,0
1.047959326564895,289,229,8,1,2,2,0
0.9926484521950923,300,227,9,0,5,0,1
0.09731004540128327,306,230,11,1,5,2,0
2.6001332124340486,311,237,14,1,1,3,0
1.451615019885065,327,235,11,0,4,4,0
2.3968687609778363,322,275,14,0,4,2,0
0.16620934265480092,821,234,18,0,0,3,0
1.403197998228071,314,234,13,1,6,0,0
0.4203070720181322,290,238,13,0,6,3,1
3.0454380226852913,291,267,13,1,7,0,0
0.6645046537423004,318,261,8,0,0,1,1
0.9640357186398767,313,221,14,1,1,4,0
0.3258213504553397,314,254,14,0,6,4,0
0.6433871955891156,295,247,11,0,2,1,0
1.3937653347381271,1383,277,23,0,5,3,0
1.0629827466920718,294,236,13,0,2,1,0
0.01400473642664731,315,255,7,0,1,3,1
0.03584710993367694,317,220,6,1,4,4,1
0.6123736916113324,317,282,14,0,1,1,1
1.5066831440281225,322,236,10,1,1,2,1
0.9339593836665863,340,246,12,0,4,1,0
0.20052850531534974,289,257,10,0,1,5,0
1.623280413344836,300,257,10,1,1,3,0
3.3727200907175248,334,232,6,0,6,7,0
0.41044296151296816,279,261,8,1,4,6,0
0.6504214139428232,283,258,6,1,4,1,1
0.589305612221685,308,228,9,0,1,0,0
0.3473067361654511,306,250,6,0,1,3,0
0.425393564816688,305,266,13,0,3,4,1
0.35753425724669774,293,255,8,0,3,1,0
0.2026507246170013,291,241,12,0,3,0,0
0.0598271186907719,306,232,6,1,1,2,0
0.33727276507220394,298,272,6,0,7,1,0
2.1706025689435506,309,251,9,0,2,0,0
0.38856378489709464,324,244,13,1,6,3,1
0.26999269840309004,307,222,13,0,3,1,0
1.554654264383995,275,225,10,1,3,0,0
0.5173965972349204,305,240,11,0,0,2,1
1.4313608440461167,304,258,12,0,5,2,1
1.1620795338651737,318,262,12,0,0,4,1
1.1621105997504046,317,247,12,0,5,1,0
0.36395469386584106,288,262,6,0,7,3,0
0.8542325703295431,2154,265,28,0,2,2,0
2.903332935595461,292,250,13,1,7,1,1
1.35811869424796,286,267,9,0,5,0,0
1.2214377458395065,289,237,7,0,0,1,1
0.6053290266190389,290,238,11,0,1,2,0
1.1668698771825776,291,248,8,0,5,4,0
0.7332492381296271,280,237,10,0,5,3,0
0.1795981239684456,324,249,10,0,0,0,1
0.3546185796061722,325,237,12,1,5,0,1
0.17092643329671237,286,249,14,1,6,1,1
1.094131961910009,284,253,12,1,0,2,0
0.1009491391042661,294,252,14,0,7,5,1
0.09271740879465316,293,218,6,0,4,1,0
0.21582347341275235,289,253,13,0,4,2,1
0.4759036846634556,316,214,9,0,0,1,0
0.1758870019703978,291,241,12,0,4,3,1
1.3120408767825156,288,290,6,1,3,2,1
0.7738374215077741,312,219,10,0,2,3,0
5.1142409878598505,296,230,6,0,6,2,1
3.413763788326375,282,246,11,0,1,3,0
0.7172769469361548,292,225,7,1,0,1,0
0.6363063917737478,306,250,7,0,3,1,0
0.11973385508551751,272,270,6,1,5,2,0
1.6488271125648994,313,247,8,0,1,1,0
3.5263868508845424,290,268,14,0,7,3,1
0.6585951024300227,324,232,14,1,5,4,0
1.5800012794208542,304,249,6,0,7,0,1
0.02090807020337987,265,261,14,0,3,3,1
7.3874972432069255,291,261,11,0,0,0,1
0.1061797541415693,297,264,8,0,1,0,0
1.5118737798350053,322,238,14,0,4,2,1
0.05450053723919861,321,246,8,1,4,1,0
0.34367768031975643,312,253,7,1,5,2,0
0.4010851746654315,333,227,8,0,6,2,1
1.0583729256587953,307,243,7,0,6,0,0
0.06658805526835244,321,259,10,0,4,3,1
0.4495495569673913,318,243,7,0,0,1,1
0.24248179726922622,346,250,8,0,4,4,0
0.12147707550444031,311,231,9,0,6,3,1
1.6843106687134723,304,259,11,1,6,4,1
0.481053192296313,287,255,13,0,6,2,0
0.09803101949326702,316,246,6,0,0,1,0
0.5730674793876915,284,227,11,1,3,3,0
0.19590621184668472,321,237,6,0,4,1,0
0.0011048458009492535,272,250,14,0,1,1,0
0.11004941194774075,287,255,8,0,3,1,0
1.1951520043158457,290,242,13,0,0,1,0
0.0017361827096279091,271,259,12,0,1,4,0
0.47728212285210014,297,261,8,0,0,0,0
0.7004496130916131,298,247,8,0,7,0,1
0.298575618298007,287,216,8,0,6,2,1
0.8048646424148327,332,209,10,0,3,5,0
1.8274022241538015,272,248,9,0,0,2,1
0.6259158847687486,264,251,11,0,2,5,1
0.5873030373434314,301,235,10,0,3,4,0
0.15164767118159445,308,267,13,0,1,3,0
0.6316855185327809,309,272,10,0,5,0,1
2.319150898786695,316,256,8,0,7,4,1
0.5830359787072296,311,233,8,0,6,1,0
0.7289844249422187,271,256,12,0,6,2,1
2.876447600222137,333,233,7,0,6,2,0
0.3996410745643562,301,219,8,1,0,1,0
0.04509769226189196,345,274,9,0,4,7,0
2.100988245919116,292,254,11,0,4,1,1
0.6911265354644027,285,257,7,0,0,2,0
0.14291854913393642,303,248,10,0,1,1,0
0.0877572224416011,307,242,12,0,4,5,1
0.6679382330150003,296,230,14,0,5,4,1
1.5695289148270823,290,233,9,0,1,1,0
0.031040168658025308,308,242,14,1,3,4,0
0.07280866110344342,334,260,11,0,0,2,0
0.1116453912416248,303,271,12,1,0,3,0
0.1699464939322498,303,268,8,0,4,3,0
0.9975215766130063,296,264,14,0,4,2,1
0.05649287720012371,296,232,8,0,6,0,0
1.9080836232278577,309,255,7,0,7,3,0
2.5185068090031733,314,258,6,0,1,2,1
4.996501216169816,302,251,11,0,2,1,0
0.009796575092182463,312,232,11,0,6,3,1
0.21646430042030604,288,266,7,0,0,3,0
0.7342285508396904,334,284,14,0,6,2,1
0.06990547826754297,299,263,8,0,7,1,1
4.114415672325533,1361,261,22,0,0,2,0
3.35614678678174,1027,257,17,1,1,3,0
0.6837042581339856,309,222,11,0,5,1,1
1.997870009775918,316,268,12,1,3,2,0
2.0722063879010753,309,222,14,0,7,2,0
0.7551356906558371,308,230,12,0,4,0,0
0.48876825751333364,344,260,15,0,5,3,0
2.006799243086612,312,251,13,0,1,3,0
0.5984922093403856,286,242,9,0,2,1,0
2.4826681439650535,296,262,11,0,1,3,0
1.0109751498506496,293,242,7,0,1,1,0
0.6845609640059754,305,239,14,0,0,4,0
0.5000068485623455,317,239,14,0,7,3,0
0.34246559036823204,311,264,13,0,0,4,1
0.22055664587473675,298,259,12,0,4,0,1
0.010633104910896498,1122,244,21,1,4,3,0
0.31057307774889914,339,262,14,0,0,2,0
0.01828425400777985,303,236,8,0,6,1,1
0.2502957401631655,306,274,8,0,4,1,1
3.30664526461572,293,250,10,0,1,0,1
2.473247731011129,275,257,9,1,1,1,1
2.4041140991010264,311,271,12,0,5,1,0
0.4003782637299135,311,247,12,0,4,0,0
2.983477860659325,360,266,15,0,3,0,1
1.1492288499157028,332,245,13,0,3,2,0
0.04491575798474018,279,208,5,0,0,4,0
0.2623603033555177,301,216,9,0,0,4,0
1.0812846487754566,331,231,8,0,4,3,0
0.1772135543815329,290,265,11,0,2,1,0
0.11860020575551374,278,256,9,1,2,4,0
1.4305970258061056,279,229,14,0,3,1,0
0.0059671543491317015,311,239,8,0,4,4,1
0.035270008169557145,294,237,9,0,2,4,0
1.9500632776643796,317,226,13,0,2,0,0
0.3496241895916988,302,259,9,0,2,4,0
2.6895583141062374,300,251,6,0,5,2,1
1.537710662516413,322,251,8,0,0,1,1
1.1490112459940387,295,249,9,0,7,0,0
0.42783092841568066,301,272,11,0,4,1,1
0.1722813184400204,308,249,12,0,1,5,1
0.07760721860219252,285,270,10,0,6,3,0
1.4343330046163643,292,254,9,0,7,1,0
0.10505068019238147,284,239,10,0,0,4,1
0.20428442757792764,1361,237,17,1,1,1,1
0.7675185192389891,301,246,7,0,1,2,0
0.039489176734520404,300,270,11,0,0,1,0
1.0795377815202531,300,274,13,1,5,5,0
0.06719346234012974,292,222,10,0,1,1,0
0.204306814065224,300,263,6,1,3,1,0
0.08232151833304038,269,253,14,1,6,4,0
2.3365191126469,1187,218,17,1,4,2,0
3.5860470738945525,282,227,12,1,5,2,0
1.3148954201049832,284,250,14,0,0,2,0
1.1748303080400484,323,264,14,0,7,3,1
0.29118943094502203,296,268,7,1,0,3,1
1.1295696857317759,337,247,7,1,5,3,0
1.1831997305054935,267,244,11,0,5,6,1
1.429909885522213,274,254,12,0,3,0,0
1.6039388542886386,290,239,13,0,6,4,1
1.6590567022267817,310,230,10,1,7,2,1
0.01960401032539986,292,253,7,0,0,3,0
1.1759480396226825,300,260,12,0,7,1,1
0.9778721885762207,297,260,12,0,1,1,0
2.0619547618277143,341,269,11,0,6,3,1
0.12607059594580391,301,247,11,1,6,3,1
1.123113769152831,269,231,7,0,4,3,1
0.6402145054024182,263,248,13,0,6,3,1
0.6556897341749097,300,247,6,0,6,2,0
0.1626520194423183,272,242,13,0,4,1,0
1.4429900066983359,1795,265,28,0,1,2,1
0.7092357090850083,718,242,16,0,3,4,0
0.10911357753263587,285,258,13,0,7,2,1
7.470674843099635,270,250,14,1,1,2,0
0.9351124710336877,286,242,7,0,7,0,0
0.5117837297294192,273,264,10,0,1,0,0
3.2609037639327636,292,227,11,0,5,3,0
1.866661373676643,311,246,14,1,5,2,0
1.5455731628745515,321,274,12,0,1,0,0
0.07200435324713812,302,246,11,0,3,1,1
1.1242325112982776,300,244,11,1,1,4,1
2.1848847073978663,280,260,7,1,2,3,0
0.6866992281945955,287,269,8,0,7,4,1
1.4610188920335898,332,234,9,0,0,1,0
0.325584563176516,303,256,13,0,6,2,1
0.14969827111294468,287,225,13,0,5,4,1
2.164373396969421,272,223,10,0,5,2,0
0.5458600656217983,285,237,6,0,2,2,0
0.715390610986731,290,269,12,0,7,5,1
0.36034663993720395,308,242,10,0,2,1,1
0.6920967292832878,299,240,11,1,4,1,0
0.3496700966390588,300,264,9,0,0,2,0
0.05667469495911899,307,250,12,1,7,6,1
1.9940324107357865,277,267,7,0,5,0,1
0.1872101107595205,290,241,7,0,1,3,0
0.38441348020238764,294,258,7,0,5,4,1
1.9441702979611533,297,237,14,0,1,0,1
1.0960869399056874,278,249,6,0,3,1,0
0.8720654709677087,299,263,8,0,4,0,1
2.172490721051354,286,261,9,0,7,5,0
0.17884767555560133,293,246,13,0,2,0,0
0.6681552119612089,339,254,9,0,0,2,0
0.6294945688072223,1445,254,25,0,3,3,0
3.4932087515925927,319,242,14,0,7,1,1
1.7261542250989992,295,246,11,0,6,4,0
0.22056953727511372,280,253,9,0,0,0,0
0.16722592346169926,276,236,11,0,0,1,0
0.46310749885616054,289,242,12,0,6,0,1
0.21899739932817083,328,263,6,1,5,2,0
0.46766336527531743,295,241,13,0,4,0,0
0.11304010767710931,296,261,9,0,0,0,0
0.8984176796720937,308,260,13,0,2,1,0
0.2232461563048766,1416,248,22,0,6,0,1
0.24413618682185334,293,247,13,0,1,2,0
4.01097298534929,312,249,6,0,1,1,1
1.6926858457772898,302,250,6,0,3,1,1
2.1406711778523206,302,246,7,1,5,4,0
0.06558347318663053,269,268,13,0,6,2,1
0.3056665532716318,274,235,14,0,4,0,0
0.46791617471401536,319,254,14,1,3,2,1
1.7493154811851401,285,235,8,0,3,1,0
0.9467467002068803,304,235,8,0,0,2,0
0.006202493967234204,310,241,9,0,2,0,0
0.33673697840030864,289,261,13,0,1,3,0
1.6880420919316175,303,266,8,1,0,2,0
5.675036140461937,327,245,10,0,5,2,0
0.4228241732596236,311,235,11,0,2,2,0
0.6272266937379913,329,228,9,0,4,3,0
0.9317931108921264,291,251,10,0,1,0,1
0.6270689887554523,315,248,11,0,4,3,1
1.6630263277636934,314,255,13,0,1,2,0
2.2139616251259073,304,225,7,0,5,1,0
0.21079528449211887,291,268,10,0,5,1,0
0.7925930230987768,324,241,7,1,2,3,0
0.11118811453900541,301,253,6,1,1,2,0
0.17547100646637034,312,225,11,1,6,0,1
0.6336788361148733,296,254,10,0,1,6,0
0.36783554602929447,300,213,8,0,1,3,0
0.09108379761432356,300,248,6,1,2,5,0
0.7490627070354299,311,259,14,0,7,1,0
1.3411048629676596,294,269,13,0,3,0,1
1.3083981554297437,299,294,14,0,2,3,1
0.37847066539017593,297,267,7,1,4,2,0
0.7726545985007732,287,244,6,1,2,3,0
0.22207360620228458,297,254,7,1,5,2,1
0.26225310114951866,304,246,6,0,3,3,1
0.38867869871422966,327,240,10,1,4,1,1
2.847463314585223,2247,241,30,0,3,3,0
0.5364634387572692,301,270,7,0,3,2,0
0.8822336813718822,321,256,9,0,3,6,0
0.7665735040215873,307,258,10,0,3,3,0
1.3772803507046227,302,290,8,1,7,1,1
2.9189312422209817,316,240,10,0,2,2,1
0.4242164059474793,308,247,11,0,6,5,1
1.3149750278914965,2014,220,31,0,5,1,0
0.40445467248477907,310,281,8,0,4,4,0
2.066893806527818,330,254,6,1,2,3,1
0.14948488023017686,274,244,13,0,3,3,0
0.14538099040378658,268,243,11,0,6,2,1
0.7494575852469069,270,236,10,0,1,2,0
0.08545468313185117,303,244,12,0,4,2,0
0.32320065009779353,288,212,14,1,6,3,0
0.7809988258051282,536,253,9,0,5,5,0
0.3034154649466097,281,256,13,0,1,2,0
2.6446255828682377,284,256,11,1,4,2,0
0.7826420698659634,274,263,11,0,1,2,0
0.6468800595525971,313,260,13,0,7,2,1
0.7445691194975216,283,257,8,0,2,3,0
1.2684099592891818,297,258,13,1,3,1,0
0.3610902401465315,310,249,11,0,6,2,0
1.4106791756023602,297,232,14,0,3,0,0
2.5497391655298944,303,263,10,0,1,2,0
2.041063375534503,309,260,12,0,7,1,1
0.7229780996526993,282,258,10,0,5,3,0
0.24353190429692764,291,255,9,0,4,2,0
0.32787890276881027,285,235,9,0,0,1,1
1.6082998151517072,305,249,14,0,3,2,1
0.9244406924870417,303,257,13,0,3,2,1
0.39491968962703006,363,213,8,0,2,1,0
0.03187568725540099,312,264,13,0,4,0,1
1.9694949725915476,267,264,11,1,1,3,0
0.16586787394739386,294,259,6,0,3,3,1
0.5977559545065222,302,249,12,1,6,3,1
0.3141667059364938,315,238,7,1,5,5,1
0.41974535334091595,299,229,13,1,2,4,1
0.08081555075092535,311,254,10,0,1,1,0
0.33312212938511143,321,239,14,0,0,1,0
2.5053915441625305,283,251,10,0,2,0,0
0.6043829259343619,292,256,6,0,0,3,0
0.5841705700100861,282,276,12,0,1,0,1
0.886922607186738,320,256,12,0,7,2,0
0.43604734119337496,342,248,8,0,6,1,1
0.3957613964387292,289,263,7,1,4,2,0
0.019629851511671667,309,233,13,0,6,1,0
1.566161468318576,296,229,13,1,3,2,0
1.2116320713106787,316,244,8,0,4,4,1
0.5074064255627018,1518,237,24,0,7,0,1
0.9827751062509352,284,236,8,0,0,2,0
0.5083109386804946,295,255,7,0,2,3,0
0.12272125094080245,289,268,11,1,0,1,0
0.1564397342213113,306,244,13,0,6,5,1
3.3393521312566823,326,243,14,0,6,0,0
1.2680455303234084,328,233,10,0,5,0,0
0.4469656381442036,1948,259,24,0,4,2,1
1.4172232246347856,269,250,10,1,3,3,0
0.7250433876655662,317,265,12,1,0,1,0
1.543041419280274,297,214,14,0,6,3,1
1.0975803798558934,302,254,7,0,7,1,1
1.4100277175150062,299,254,11,0,7,1,1
0.0057415003705650405,303,241,10,0,2,1,1
4.305699810164589,2046,265,29,0,1,3,0
0.04755089733458208,301,249,6,0,5,2,0
0.49899693696657565,287,254,6,0,0,1,1
0.13221553484727253,333,204,11,1,0,1,0
0.2162223700785473,321,243,7,0,6,1,0
0.5258587641915745,318,245,11,0,7,2,1
0.44051465024276787,306,226,6,0,3,1,1
2.889951067411244,283,248,13,1,4,3,1
0.4864905345951457,264,239,8,0,4,4,1
3.008085621637801,274,255,10,0,1,1,0
0.8730697087458978,267,246,9,0,1,1,0
0.49835561509564263,320,273,9,0,2,3,0
0.9141161768970368,300,277,10,0,6,0,1
0.8654562665749459,277,265,11,0,3,4,0
0.29826963620362495,303,262,12,0,5,2,1
0.2912711947537714,314,261,14,0,1,2,1
2.2932186330584177,301,234,7,0,7,0,1
0.07962079871260616,282,245,13,0,7,2,0
0.7232424803561354,308,260,11,0,3,3,0
3.052975798364769,325,264,8,0,1,1,0
0.38171478301838807,340,230,14,0,7,2,0
1.681624388437709,299,272,12,1,6,2,1
0.3716508817711742,286,243,7,0,4,1,0
3.1252401052402834,313,252,7,0,2,1,0
0.15014759556199445,299,237,11,0,4,2,0
0.5297677085662857,279,234,12,0,2,2,0
0.7193520033818542,289,230,6,0,5,1,1
1.368041996040159,301,251,11,0,6,1,0
0.8575951860348902,304,269,10,0,3,4,0
1.5352335075435388,312,268,14,0,0,2,0
0.15307723904881948,326,262,12,0,4,3,1
1.5954774485315641,301,263,14,0,6,0,1
2.4587809397891704,285,249,6,0,1,0,0
1.4343231656478288,290,262,12,0,7,2,0
0.3851944546516976,311,238,9,0,2,2,1
0.2277689822080013,283,260,10,0,5,1,1
0.31720491778634213,301,251,13,0,5,2,0
0.12784685825878897,293,264,13,0,1,2,0
1.094158416828873,282,282,8,1,0,3,1
0.7977316115687806,280,226,8,0,7,1,1
0.7988434936635606,316,221,12,0,5,2,0
0.9683758116861374,298,238,13,1,5,3,0
2.2912366026720905,330,251,11,1,2,1,0
0.06831941379507203,323,248,6,0,0,2,0
0.5094393562098956,293,233,7,1,2,3,0
0.2475426286686221,313,227,12,0,4,0,1
1.2421841580225512,287,281,12,1,5,3,0
2.123953253414556,302,277,14,0,2,2,0
0.3389215599094161,290,269,10,0,1,3,0
0.6272588363533766,1986,231,26,1,1,2,0
0.04808313794329854,305,218,7,0,7,5,1
0.6346356843238881,282,266,13,1,5,3,0
0.3698711264694949,286,251,14,0,7,4,0
0.9698531965908916,1037,233,13,0,0,1,1
0.669774808390651,1032,237,17,1,3,4,0
1.6136738642876742,304,263,9,0,3,1,0
0.5534152910062085,319,288,13,1,3,7,0
0.6369865979196994,289,273,12,1,3,3,0
1.8710126520228882,256,245,7,0,0,4,1
0.5785728054627862,323,254,14,0,0,1,0
0.9887655990231258,275,239,7,0,6,3,1
0.25323097810432216,294,242,13,0,3,0,0
1.4214359056854868,303,257,12,0,1,2,0
1.0332890052209482,308,275,7,0,2,0,0
1.0733689231990118,301,243,12,1,7,1,1
1.1285756156470017,279,234,8,0,3,4,0
0.9417296784515168,296,263,8,0,7,3,0
0.08113017425012324,281,241,6,0,1,2,0
0.367182469023376,1334,250,22,0,0,3,0
2.095260619836372,1279,261,23,0,4,4,0
1.7521851230898327,307,220,10,0,5,1,0
1.7195762208143366,300,278,12,0,7,3,1
2.9341068357194415,302,228,9,0,3,1,1
0.8385845212259807,298,255,11,1,1,1,1
0.777312064528853,316,252,13,1,4,1,0
0.6934465795689485,1100,250,17,0,2,1,0
0.06725531014673204,1906,224,27,1,1,2,1
0.7360446832448161,289,278,7,1,0,3,1
1.3279606685983356,301,243,10,0,5,0,0
0.3300130050213554,288,245,13,1,5,0,0
2.23531488506716,560,228,14,0,1,3,0
1.005997668594923,321,259,8,0,4,6,0
1.1970669681785053,306,242,10,0,7,5,0
0.9396658287587425,277,224,11,1,6,3,0
1.7056147923117395,296,260,14,1,3,2,0
0.6193481281073715,314,244,13,1,0,2,0
0.7814168193060691,304,247,13,1,5,1,0
0.2745554316334963,323,229,12,0,4,2,1
0.7231074733293756,276,274,9,0,7,1,0
0.2719058567303003,297,242,9,0,4,0,0
1.8057802826730915,314,272,10,0,5,1,1
0.8522544896496407,271,256,9,0,4,3,0
0.8391785701284767,315,221,14,1,4,3,0
1.6012054551768895,312,250,13,0,2,0,0
0.24892335776558452,312,240,14,0,3,6,0
0.25954743479859677,286,250,11,1,2,0,0
3.084096832296985,315,245,7,1,3,0,0
0.9186250215217417,308,270,7,0,7,3,0
0.8476017520828016,300,231,8,0,2,2,1
0.016564785957988624,308,246,11,0,3,1,1
0.49655426858384116,279,255,9,0,7,3,1
2.3093902228569734,354,259,12,0,1,1,0
1.6719741886720019,293,241,13,0,2,1,0
0.5106004144238893,312,248,9,0,3,1,0
1.055138286718607,268,261,14,0,3,3,1
0.4660805154072182,287,256,10,0,2,4,0
0.6038573014955401,314,245,13,0,6,2,0
0.4347508637802992,288,221,6,0,3,3,0
0.2466311509339405,280,245,8,0,2,3,0
0.789107117364585,314,240,14,0,3,1,0
0.6733771980028203,303,223,13,0,7,3,0
3.0748143219624033,290,251,11,0,7,5,0
0.11632423410722027,280,242,6,1,1,2,1
0.5981424669681015,320,271,6,0,0,3,1
1.443502552869705,318,249,9,0,0,7,1
0.7277189479337774,299,267,14,0,3,4,0
2.652231483859749,309,245,9,0,5,2,0
0.48628647321688756,309,269,13,0,0,1,0
0.1652248214701753,300,245,10,0,4,1,0
2.1518915749403233,307,246,7,1,3,0,1
0.0707567683762502,286,235,11,0,7,2,1
0.558079425950026,312,266,9,0,4,0,0
0.4169769182178218,297,260,8,0,3,1,0
0.9208748795446655,291,268,12,1,4,3,0
1.299216649838619,306,233,7,1,1,0,0
0.6409168696272745,310,221,14,0,3,2,0
1.8846613361705102,321,239,13,0,2,1,0
0.04725568871166533,275,251,13,1,1,1,0
0.3913817192316213,322,240,6,1,3,2,0
0.8732769578438936,309,286,14,0,5,1,1
0.47622146605381793,291,247,10,1,4,3,0
0.1554862531459194,278,242,12,0,7,4,1
0.22903812606289037,297,241,7,0,2,3,1
0.505606204900707,307,279,12,0,5,3,1
0.4208347754313769,275,256,8,0,4,4,0
1.3081836586295752,320,231,12,1,6,2,1
1.184594229153902,283,257,8,0,7,3,0
1.1203980723986093,288,224,14,0,5,0,0
0.972321186096754,291,238,12,0,3,2,0
1.3973141976008925,307,231,10,0,4,4,1
2.9580895519050068,292,252,10,0,5,2,0
0.3490929702473625,282,269,6,0,6,4,0
2.15434518516167,283,256,8,0,1,1,1
0.015087172922619248,299,251,13,0,6,1,0
3.0383542751683867,329,246,13,0,6,1,1
0.10566810444525124,290,242,14,0,0,1,0
0.11931460243564079,320,265,6,0,2,2,0
0.5698535153135041,277,258,8,1,1,1,0
0.1666291307244439,296,250,12,0,4,0,0
0.012345797745313069,324,247,9,0,1,4,0
7.122615778493983e-05,304,261,8,0,2,1,0
0.3342927843463022,310,260,8,0,1,0,0
1.7474227138504355,298,220,14,1,0,0,1
0.12859535653529777,304,271,13,0,3,3,0
0.9183949456194906,317,250,6,0,2,0,0
1.725678364029638,323,233,13,0,4,4,0
0.21765469750446165,280,277,11,0,1,2,0
0.3412669484295025,251,259,13,0,2,2,1
5.0633555540131825,308,258,11,0,7,4,1
1.2063909217821505,275,251,12,0,6,1,1
0.7222631209305467,270,270,11,0,2,1,0
1.8616799155816142,337,251,12,0,1,3,1
0.10899587400641043,314,251,13,1,7,3,1
1.547575650022053,289,224,10,1,5,1,0
1.3667209208888007,321,263,7,0,3,2,0
0.453012707285662,299,260,6,0,5,2,0
0.3636769194512094,312,241,9,0,1,1,1
0.8233601718382498,2201,246,29,0,3,2,1
1.4519753510883904,295,248,13,1,3,0,0
1.6060874836383734,301,261,6,0,5,2,0
2.2604648475752263,292,250,13,0,1,2,0
0.20117519063012643,278,213,5,0,3,5,0
0.27692705549721314,271,270,10,0,6,4,1
1.3518694219836815,281,239,9,0,1,1,0
0.20161422215754876,316,261,11,1,0,2,0
0.00901426126263332,306,283,6,0,6,3,1
0.23823608422353196,303,251,12,0,6,3,0
0.3622975987306779,292,289,7,1,3,4,0
0.3649065459678578,300,256,13,0,0,2,1
1.1252732358980628,297,252,11,0,4,2,0
1.0148390418190567,288,282,13,0,2,2,0
0.5928247228650507,268,259,14,0,4,2,0
1.2994074691830626,317,236,13,0,1,4,0
0.671180749277201,305,257,10,0,6,2,0
1.047289696189831,290,235,9,0,5,2,0
3.145397985697599,292,232,11,0,5,0,0
1.4147005673118938,328,271,11,0,4,0,0
0.3140409346134167,309,258,13,1,1,3,1
0.17159633027196847,278,241,10,0,7,5,1
2.8437152790648357,284,257,10,0,2,4,1
1.0795909884203396,315,276,7,1,2,4,1
1.785895155204189,268,234,7,0,7,3,1
0.8701226338434449,297,258,13,0,0,0,0
0.8727447307861234,322,268,14,0,1,2,0
7.205969934838762,283,248,11,0,6,4,1
2.4817756200938073,293,248,9,1,2,1,1
0.06609410058704623,331,226,6,0,4,1,0
0.1892073841668139,296,245,6,1,4,0,0
0.44760262969277886,300,254,12,0,6,3,1
0.42535722715179464,330,236,11,0,4,4,1
0.1964758365201012,297,239,8,0,3,1,0
1.1079607599692838,308,259,7,0,4,6,0
0.5555199735556164,284,224,6,0,5,2,0
2.1703833741171223,307,225,12,0,3,1,0
0.43616270654458816,296,261,11,0,1,3,0
0.7457981519280207,288,248,8,1,3,2,0
0.5472366041689236,329,226,12,1,7,2,0
1.062802456812635,291,265,13,0,0,1,0
0.28888197846914454,278,231,10,1,1,4,1
1.768403764785807,299,278,8,0,7,3,1
3.419996348636889,290,271,6,0,6,1,1
0.06912304642099401,282,248,13,0,0,1,0
0.004359581924965882,320,236,11,0,1,1,0
0.5319560581576251,297,282,9,0,5,0,0
0.7729515042351877,259,277,6,0,6,2,1
1.2970679204649143,318,215,13,1,5,3,0
0.5341757564132746,295,233,14,0,6,5,1
0.6226172131777596,297,278,10,1,4,5,0
0.9295600205411058,301,252,8,0,7,0,1
0.5031142494589464,300,274,11,0,4,1,0
3.4139754662768094,296,231,13,0,3,2,0
0.06669109856791261,286,234,11,0,5,1,0
0.12030629933427976,302,222,6,0,3,2,0
0.7459412612641837,311,264,7,0,4,4,0
0.3096879754609264,308,264,6,0,6,2,0
1.7293191984972012,296,264,9,0,7,3,0
0.4265585430716227,282,253,10,0,4,4,0
0.2287042495933766,305,234,10,0,0,2,0
0.1766239575064678,309,262,12,1,4,4,0
0.9678249981614827,291,243,7,0,2,2,0
0.17860522595574072,269,263,14,0,1,4,0
0.566152835491067,277,221,7,0,7,2,0
1.143277102267336,323,236,10,0,3,5,0
1.2906267532119802,2086,225,25,0,6,0,1
0.47943255849907773,295,258,9,0,2,2,0
0.0471631805683511,1968,257,30,1,4,1,0
0.4511480331657338,278,281,6,0,5,1,0
0.543173120166599,283,251,10,0,7,1,0
0.6190352916264008,317,257,11,0,1,4,0
0.27295474671539666,298,259,11,0,4,0,0
4.2066262900387486,300,276,9,0,3,2,1
1.384234371746549,288,276,9,0,3,2,1
0.09376355712517138,308,256,14,0,6,3,0
0.08464704824408711,289,240,8,0,1,1,0
0.5975624722698889,1521,249,22,0,4,3,1
1.6014401978278763,297,237,9,0,3,2,0
0.08667249383536231,310,257,12,0,7,1,1
1.6139451350124603,621,238,16,1,1,1,1
1.0706617012465984,285,228,13,1,1,3,1
1.6694079965553537,294,260,6,0,0,1,0
1.7289990155035666,450,225,7,0,3,4,0
1.3869052656871252,305,252,9,0,0,1,0
0.9460655567977417,321,268,9,1,4,2,1
2.0932517620256763,275,247,6,0,1,3,0
1.000137206492488,285,249,14,0,3,3,1
0.8519495597443653,297,258,14,0,4,0,0
0.7504019641154718,310,266,9,1,5,1,1
1.4003699644553151,285,239,12,0,0,2,1
0.34872979067961146,325,259,11,1,1,1,0
4.293524039049301,300,251,11,0,2,1,0
1.609593725587538,282,236,13,0,4,2,0
0.17903530953907298,311,265,6,0,7,1,0
1.2695986888971489,324,266,8,0,1,0,0
1.319104896639893,309,229,9,0,0,1,0
0.1312139571346444,276,268,14,0,5,3,1
0.560822171103395,294,240,11,0,7,1,0
0.34248709645321396,291,238,9,0,6,1,1
0.20134213186265099,313,261,6,0,4,0,1
0.29509241947027814,330,236,11,0,0,0,0
1.3694275780423117,294,254,8,0,4,0,1
0.7043052043928478,288,257,8,0,3,1,1
0.34872453110870816,299,270,14,0,3,2,0
0.23061147166416895,284,223,10,1,3,2,0
1.8028042666626898,311,254,7,1,4,2,1
0.6165668324245531,314,233,6,0,5,0,0
1.2084692885385186,316,272,9,0,1,4,0
0.5557089993822878,307,249,6,1,0,3,1
0.29867334581138943,293,257,9,0,0,1,0
1.401125914782134,307,248,9,0,3,1,1
0.7232268941280693,321,237,13,0,4,2,0
1.0341317148857774,301,261,9,0,6,0,1
1.8915208337401972,305,237,8,0,3,0,1
2.5749017653721324,308,253,11,1,4,3,0
1.2747179575668754,1522,260,23,0,7,1,1
0.9762488240683841,285,269,6,0,5,3,1
1.5913442558710482,321,238,6,0,5,3,0
0.3237388317697231,293,250,7,0,2,4,0
0.38876576595702655,280,251,12,0,1,1,0
1.31040896304023,299,226,7,1,7,0,1
0.3862354520870944,286,245,14,0,4,1,1
0.38029847192036004,293,282,9,0,0,1,0
2.1264915195159064,306,258,14,1,3,4,1
1.6918516656690556,291,260,8,0,0,2,0
0.3985164868235727,304,257,9,0,7,5,1
0.6060061223473301,298,233,7,0,4,1,1
1.7434232745268083,328,244,13,1,6,4,0
0.0986463383188162,290,241,11,1,3,1,0
1.275885528997134,290,240,6,0,0,0,1
0.18763452263140254,1211,269,21,0,5,5,1
1.9536150632762823,330,242,13,1,5,3,1
0.640955993439538,310,223,12,1,1,2,1
0.17550290942925065,305,247,13,0,5,2,1
0.0004842279774812031,281,269,8,1,1,2,0
0.032472033409462836,292,223,9,0,5,5,1
0.3969071456226856,285,251,13,0,5,2,1
1.537553724579715,314,256,11,0,1,1,0
0.03615406478417725,258,281,11,0,2,2,0
1.3374225924087062,315,223,12,0,1,2,0
2.2374260535126,310,255,11,0,5,4,0
0.42895663248449256,286,239,7,0,1,2,1
1.3373591525702946,284,243,7,0,5,4,1
0.016405003101758516,283,246,13,0,3,2,1
0.12989759681487031,300,258,8,0,0,1,1
0.2857732761602934,305,256,11,1,7,0,0
0.5541788184925759,330,255,10,0,5,3,0
1.2382057996534177,323,246,11,1,2,2,0
1.7395246601626833,307,239,8,0,7,1,0
0.4756936621737537,297,232,8,0,5,1,0
0.7194696443981307,305,255,12,0,6,2,1
4.015175445550363,1926,256,23,0,1,4,0
0.7927208098277226,306,218,8,0,0,1,0
0.5325428091107335,326,250,14,0,0,4,1
1.7239779608220058,324,256,7,0,4,2,0
5.4600390117700766,286,264,11,0,6,0,0
0.539597599835619,290,256,7,0,7,1,0
1.1035449350282374,285,289,12,0,7,1,1
2.461680066953715,285,257,7,0,4,1,0
0.4471631909866363,303,261,11,0,5,2,0
0.5886982143083128,318,277,9,0,2,5,0
0.7782260361607599,302,235,12,0,0,1,0
0.8569923469077677,305,256,6,0,1,0,1
1.3381012250390774,281,241,10,0,0,0,0
1.2006255907098444,290,259,10,0,5,1,0
0.545878367126246,330,229,8,0,4,1,0
2.568073939571269,306,232,8,0,6,3,1
0.5690632505588277,288,253,12,1,1,1,1
0.2690688814150858,289,261,10,0,7,1,1
0.9771443776010835,1383,263,22,1,5,2,0
1.8349676492538445,299,282,14,0,7,1,0
0.31272837570232714,292,251,9,0,5,0,0
0.8948980719706096,281,240,13,0,2,0,1
0.39947181629493583,296,242,14,0,5,2,1
0.03293358952370222,333,287,12,0,4,0,0
0.27814176437219335,315,226,7,0,1,3,0
1.170922317839122,334,251,9,0,0,1,1
1.4053314210916856,296,253,6,0,5,3,1
0.26481979542274486,292,242,12,0,0,3,1
0.9951162731737331,310,246,8,1,0,1,1
0.5609410416289043,319,230,14,1,0,3,1
0.9285004272962205,467,234,13,0,4,1,0
0.03894373142154104,318,230,10,0,7,1,1
0.15730883129269838,281,226,7,0,3,0,0
0.2170026465361294,300,239,6,1,1,1,0
0.3421350325390756,281,235,12,0,4,1,0
0.5477523218419943,276,285,12,0,3,0,0
0.5699269745329212,305,287,8,1,4,5,0
0.5577723336371255,262,253,6,0,3,2,1
0.139644964681963,306,235,8,0,4,1,0
2.8901685073336427,297,220,12,1,2,2,1
0.4193200913057089,303,246,11,1,7,2,1
0.8030207680929746,297,239,6,0,4,0,1
1.9842426938329978,290,230,7,0,2,3,0
0.13688783985204858,285,241,6,0,0,6,0
0.8370576951745997,323,225,12,0,5,0,0
0.4978075305847674,527,237,15,0,3,0,1
1.6784823790895362,1620,205,22,0,1,6,0
0.6590602552529551,306,228,12,0,3,1,1
0.4325099140990604,291,262,6,0,3,1,1
0.013343333955029402,291,231,11,1,6,1,0
2.7020264239767426,326,241,8,1,4,1,1
0.11407632468108542,895,280,19,0,5,3,0
0.9777113467321862,308,250,10,0,5,5,0
0.3710193591276713,299,259,13,0,6,2,0
3.2951839693903637,266,263,11,0,0,0,0
0.16652759854787286,291,252,10,0,3,1,1
2.710055342589248,298,259,14,0,5,2,1
4.13610601341718,277,245,14,0,1,2,0
0.31596454712775335,307,237,10,0,3,2,1
0.11163338166536303,293,243,9,0,3,1,1
1.0629453187222062,277,258,11,1,6,0,1
0.3058524116763631,311,257,7,0,7,2,1
0.3920603803005333,319,231,9,0,0,0,0
1.352801180159095,281,251,13,0,1,7,1
2.119151375918324,283,245,14,1,6,2,1
0.9299545988512617,300,240,9,0,1,3,1
1.642643746850211,308,225,9,0,3,1,1
0.1221494477486327,326,271,13,0,7,6,0
2.5039959510039234,305,247,7,0,7,2,1
0.137721656958815,277,281,6,0,7,2,1
0.1194191859090159,1545,237,18,1,1,1,0
0.305344403653834,313,241,6,0,1,1,0
0.7494767176700021,287,243,13,0,1,1,1
0.18246998773111603,281,272,6,0,6,3,0
2.577041600505125,281,235,8,0,1,3,0
0.25227539426504425,269,268,11,0,3,4,0
2.1454035443740946,298,269,11,0,6,3,0
2.4966330564243666,295,246,13,1,3,2,0
0.5686968285232804,294,276,14,0,7,3,1
2.247088306862382,289,253,9,1,3,0,0
1.6647965273815781,274,279,8,1,3,2,1
0.52208334241369,1689,237,20,0,7,0,1
1.6774052152784968,299,244,14,0,4,1,0
1.1524860484972523,278,266,9,1,1,2,1
0.33144266207795736,283,247,14,0,5,3,0
3.7172335146002213,295,248,9,0,6,1,0
0.9709023000562794,311,227,12,1,6,2,1
1.867164982219469,282,255,11,0,0,2,0
0.5641235888989345,297,252,12,0,0,3,0
1.0698365427435554,278,259,11,0,5,1,0
0.2839840253902396,290,249,8,0,5,1,0
0.36667868041374535,298,242,6,0,5,2,1
1.4341275860108165,300,249,6,0,3,3,1
2.03397510207137,274,226,9,0,6,4,0
4.099932923892363,299,254,14,1,4,3,0
0.6995556992421782,287,254,11,0,7,3,0
0.029636129125470766,313,260,12,0,2,1,0
0.18339727831292,305,264,8,0,6,0,0
0.19110836736453238,296,257,10,0,1,2,1
3.3377474025416705,308,250,9,0,5,6,0
0.3735894012653801,2191,234,26,0,5,4,0
0.38946773323392697,293,271,11,0,2,1,0
2.7109322608120254,291,253,9,1,0,0,0
0.7914847994868891,329,280,10,0,7,0,0
0.4314790779460125,318,226,11,0,0,1,0
0.03154609946047228,294,256,6,1,3,4,0
0.09865169247950699,304,279,14,0,0,2,0
0.2452976484460075,282,285,8,0,3,2,0
0.2680870400426235,343,260,13,0,6,0,1
0.6069261249970149,283,206,11,0,4,1,0
0.9057390178523099,315,235,7,0,1,1,0
0.2803665048330901,290,240,8,1,3,1,0
0.8671573970606349,291,234,9,0,0,5,0
0.5606875321104013,322,219,13,1,4,2,0
1.7795712993283574,314,257,11,0,0,0,0
0.7663336904095286,287,271,10,0,2,1,0
0.6999142994471341,303,262,13,0,0,1,1
0.48316227954641233,312,244,10,0,1,1,1
0.6684025217540344,282,214,12,0,0,3,0
0.36487133755862244,296,239,12,0,7,3,1
0.2877056704338214,417,280,8,0,6,2,1
0.8660386642512351,292,253,9,0,7,0,0
0.4062169774508425,295,279,6,0,5,4,1
0.38764948722381304,271,233,8,0,3,5,0
3.1928053811252717,322,247,6,0,1,2,0
1.1581747837498657,279,231,6,0,7,1,1
0.5077524834951318,1118,280,14,0,7,3,0
1.1085638621959137,297,208,12,0,3,5,1
1.7994777992504072,314,264,9,0,1,2,0
3.9578207709093847,286,253,10,0,3,2,0
0.8352798595873943,293,237,12,0,3,1,0
0.05799786936665772,310,255,13,0,7,2,0
0.7165981697945921,319,239,10,1,0,4,0
0.08599217630090032,292,231,10,1,5,2,0
3.4180908393033205,322,274,11,0,6,1,1
0.15627618183348335,289,244,9,0,6,3,1
0.07139342779257862,312,265,9,0,1,4,0
2.3113207154339515,308,257,8,0,3,1,0
0.5768861091471665,328,226,7,0,2,2,0
0.7213618437423627,308,241,7,0,3,4,1
0.585200189335807,327,277,12,0,0,1,0
2.653742323798009,305,242,13,0,0,3,0
0.8724977580551073,293,273,9,0,0,4,0
0.6428983924518529,307,260,6,0,7,1,0
0.11330403768037697,279,239,11,1,3,1,0
2.928480622854924,296,256,14,1,1,3,0
0.26294839341444604,319,239,10,0,6,1,1
2.7636802148673465,308,264,6,0,3,4,0
0.04937384217213469,287,237,6,1,2,1,0
2.042537297278573,284,231,10,0,0,3,1
0.5612993438135577,285,263,13,0,3,3,1
4.3339646733384285,315,241,6,0,5,1,0
1.7759969423218605,286,250,12,0,4,1,0
0.12928149126100738,271,240,13,0,3,2,1
0.135770168106541,298,250,6,0,4,0,0
0.39354878422045175,303,240,7,0,6,5,1
3.5024371074721676,297,252,6,0,7,2,0
0.897653927834829,290,233,11,1,4,2,1
0.8837073409775447,310,285,7,0,1,2,0
1.782048768557624,309,256,14,0,1,4,0
1.2302070254719115,294,222,6,0,1,1,0
1.189304015224442,303,252,11,0,0,2,0
1.9185185945174803,293,249,13,0,4,1,0
0.8481574141559746,285,242,7,0,1,1,0
1.3197792034464444,288,263,8,0,1,2,0
0.4970783630396143,291,258,13,0,5,1,0
0.7535131948183018,312,255,6,1,2,2,0
0.9719384834165158,279,251,9,1,6,1,1
0.5020431437704219,294,239,8,0,1,2,0
1.7243759090523685,316,238,6,0,2,3,1
2.3819787431602117,333,245,10,0,0,4,0
0.1838856700471719,332,237,10,1,4,1,1
1.8390915818964173,293,276,9,1,0,3,0
0.06844792223653762,308,239,13,0,1,2,0
0.23550525043008347,312,231,6,1,5,3,0
0.8470768229246325,319,265,9,0,7,3,0
1.931515943475112,778,249,12,0,4,4,0
3.653951236768931,277,254,12,0,7,2,1
1.0427876649564567,318,217,11,0,6,2,1
0.059173023682864326,345,218,12,0,6,2,0
1.5261631353275844,319,267,6,0,7,3,1
0.2317415201187388,302,205,10,0,0,1,1
0.2517159029837535,313,258,6,1,1,3,0
0.09454489032434779,333,231,8,0,3,4,0
0.6624894017454708,282,236,14,0,4,3,0
0.40335138395880327,283,262,12,0,7,2,1
2.04507759655352,1350,245,16,0,0,1,0
1.264582391881328,275,276,9,0,1,4,0
0.4389938777741251,316,256,13,0,2,0,0
0.36269219995911195,301,249,7,0,5,3,0
0.7179385299413434,307,245,12,1,7,3,0
0.2873940345861748,337,265,9,0,7,1,1
0.05194034791983483,309,272,10,0,5,2,1
0.44120733018667807,284,268,13,0,6,1,0
0.28924264779551184,240,245,11,0,3,2,0
1.3075731739885892,292,264,8,1,4,3,0
1.0580302989774562,324,247,6,0,1,2,0
0.2581317143494715,324,254,8,0,4,3,0
1.9929758858485394,296,263,9,0,2,0,1
0.8266087217535338,290,248,7,0,7,2,0
3.0130602287585586,286,237,13,0,2,5,1
1.487926638163377,321,259,6,0,3,1,1
2.322553139736032,348,245,10,0,3,3,0
3.1783603034687067,281,273,14,0,7,1,1
0.5159040902777902,275,255,9,0,7,3,1
1.100793339718115,323,227,10,0,3,4,1
0.173175365670106,281,244,6,0,7,5,0
0.2782882096546001,316,237,12,0,6,0,0
0.2286994761358321,274,228,14,0,6,1,1
0.6179067696094199,298,280,12,0,7,2,1
1.2463493111155781,282,227,7,0,2,1,0
0.8439213186499531,279,256,9,0,4,1,0
0.028600398829982703,297,231,12,0,2,0,1
0.2424656357761595,296,231,13,0,2,1,0
1.2494837845844735,1687,239,23,0,3,2,0
1.0155825869539734,290,245,14,0,0,3,1
0.3190903626343747,292,241,7,0,1,1,0
0.36534821272963797,301,254,12,0,6,1,1
1.5095007254495056,320,243,10,0,1,0,0
0.7329596961854737,289,264,12,0,4,3,0
0.9089811345653688,293,217,11,1,6,2,0
0.5694583495059922,2290,257,29,0,2,2,0
1.3632895481929936,302,252,13,1,3,3,1
2.229743533547649,309,250,13,0,7,5,1
3.3538557502848954,289,247,13,1,6,1,0
1.1234373559235287,292,240,6,1,7,2,0
0.5167545833673197,308,249,9,0,5,3,0
0.15820264378966978,290,243,12,0,7,2,1
0.036455305910541254,309,270,13,0,3,1,0
3.0914863199033817,332,243,9,0,4,2,1
1.3507701405913857,274,250,12,0,5,3,1
0.49640088536397753,333,245,11,1,7,1,1
0.9561688712359372,308,217,7,0,2,1,0
1.8888096602639566,283,264,14,1,6,6,0
3.885642480312963,279,206,9,1,4,3,0
0.22126259706246776,300,246,11,1,0,2,0
0.9070625986702383,291,244,8,0,5,1,1
1.591514806492346,321,269,6,0,7,6,1
4.648596812971634,310,265,10,1,3,2,1
1.4205698490035534,291,246,12,0,4,6,1
0.976487010754563,303,215,8,0,7,2,1
1.153316760901879,299,227,14,0,7,2,1
0.3532807753840578,296,252,12,0,3,3,0
1.147998900833804,304,252,11,1,6,0,0
1.982594068559233,303,234,13,0,5,1,0
0.3089257568153325,329,245,13,0,5,0,1
2.6919560474766624,1148,280,21,0,5,3,0
0.11013224530371772,301,255,13,0,2,3,1
0.48755753393213425,326,253,12,0,2,1,1
0.18123421168957798,302,257,13,0,0,0,0
0.08560084154607409,264,243,6,0,6,1,1
3.6770103064198607,296,228,9,0,2,1,0
0.31751984150487683,289,227,13,0,5,3,0
0.7207677037480847,306,240,10,0,5,1,1
0.9827918956183915,297,259,6,0,5,2,0
0.1406710475852858,305,234,13,1,6,1,1
0.34454515747815245,1731,246,25,1,6,1,0
0.32578158553661984,307,294,15,0,0,2,0
0.3727206776422603,312,250,6,0,6,2,1
0.6592184609255727,264,261,7,0,1,3,0
0.4055651256099823,296,245,10,1,5,0,1
1.6853389040435058,296,275,7,1,5,3,0
0.7213220628917058,275,246,10,0,0,4,1
0.5229378992986946,287,272,9,0,2,1,0
0.25942012069440246,260,267,7,0,7,1,1
1.4361279240852816,294,240,12,0,1,0,0
0.48657699486769596,996,234,13,1,1,0,1
0.4912913808327341,306,248,13,1,0,1,0
3.3291233288499114,304,269,7,1,1,2,0
0.05915711641694492,297,229,11,0,5,7,1
0.5249805962374795,324,250,14,0,6,2,1
0.9237395270632976,304,248,7,1,4,3,0
1.3805564010369895,289,232,14,0,2,1,0
1.322998789266866,328,254,8,0,6,2,0
0.32479031602315134,278,234,12,0,2,1,1
0.007409990199945112,296,222,13,0,2,1,0
1.105369221546447,301,234,8,0,4,2,0
0.8910615083907023,284,244,9,1,1,2,0
0.0922113421645814,287,271,13,0,2,1,1
0.7070919816458135,308,267,6,0,6,0,1
0.20544824164618686,306,251,6,0,4,6,0
0.12133187746731018,293,246,8,0,7,1,0
0.8531519003925714,301,245,11,0,6,2,0
1.1211308095138541,281,252,13,0,2,1,0
0.9678971577923591,2014,261,28,0,6,2,1
0.36812012725161974,322,250,10,0,6,4,0
0.925720247544553,281,267,13,0,5,1,0
0.6105453419197535,296,281,7,0,6,0,0
0.7194574536060682,268,255,14,0,4,5,0
1.2731314311721156,314,252,8,0,7,0,1
0.9043073920144709,302,257,8,0,1,2,1
0.995878606187879,302,254,14,0,3,1,0
1.6419325764788681,313,256,11,0,2,2,0
0.46172161307958465,277,233,9,0,0,4,0
0.7417413061726458,321,248,8,0,4,1,0
1.0359468940924708,318,258,9,0,0,2,0
1.779762657180674,266,262,13,0,1,2,0
0.29570088144099343,302,227,7,0,6,1,0
1.4678768282843169,327,237,7,0,1,0,0
0.3226084378647237,264,229,7,0,6,2,0
0.39723630935552184,315,240,10,0,0,1,0
0.5500651633101259,274,293,13,1,3,1,0
0.11612344716089205,273,272,7,0,0,3,1
2.1578301838274667,314,263,13,0,0,2,0
1.973540557498716,308,246,14,0,6,4,0
3.0708312903846995,327,260,9,0,0,2,0
0.9007899634856005,288,248,14,1,7,0,0
1.13555810166036,309,244,14,1,4,4,1
0.3528646295797501,306,236,13,1,3,1,1
0.028718755881009413,329,235,9,0,7,1,0
1.3288915949127322,311,256,8,1,3,0,0
0.2198478273098823,309,247,13,0,3,4,0
0.28860958345853066,314,241,9,1,3,3,1
4.980241307095585,271,273,6,0,5,1,0
0.16587130469221498,279,255,12,1,6,2,0
0.09293558580340837,286,251,9,0,4,0,1
0.07828279661937566,270,241,14,0,2,0,0
1.0677717764271546,1072,241,21,1,7,4,0
0.4472481950752916,293,263,6,0,4,2,0
0.40525657605645427,1334,257,24,1,6,1,0
0.7968181400346438,286,247,14,0,3,3,0
0.1070552126352378,285,251,12,0,1,1,1
0.1415232249101093,311,257,8,0,7,3,1
2.4906887344454285,312,255,12,0,5,1,1
2.12256967154564,298,283,13,0,2,0,0
0.8294411475289208,286,231,13,0,6,0,0
2.450193700033807,324,253,9,0,0,0,0
0.07940537416075828,317,233,12,0,7,1,0
0.8084592867920564,318,242,9,0,4,2,0
1.143644904470715,278,263,8,1,4,2,1
1.8536317098511026,315,235,12,1,0,1,1
0.860125255010995,301,257,10,0,1,2,0
0.8421393973455257,308,275,8,0,5,2,0
0.34485442520008686,296,220,11,0,4,1,0
1.1002267514038677,314,238,8,0,1,1,0
0.13548819580915666,300,248,11,1,5,5,0
1.9521188615800844,311,249,9,0,5,1,0
0.6789446020933954,266,228,12,0,2,1,0
0.11446015953370434,301,259,13,0,5,3,0
0.35767276645386553,309,228,10,0,7,1,0
0.623789130825955,301,218,12,1,3,3,1
3.507144109784595,290,232,7,0,1,2,0
1.127580414472972,292,267,14,0,7,3,1
1.5703741604718087,310,255,7,0,7,1,1
4.62860866654467,311,261,13,0,3,1,0
1.370362689400733,293,261,13,0,3,2,0
0.07595010220491646,563,265,10,0,6,1,0
1.2394949694107464,301,236,6,0,0,2,1
1.485055964156195,309,246,12,0,2,3,1
0.37757200052445505,291,233,13,0,4,3,0
0.1770718036409971,302,244,12,0,5,4,0
0.8148648515901844,323,246,6,0,5,3,0
6.223300669428093,299,258,11,0,2,0,1
1.5331474028819776,294,235,9,0,6,4,0
2.0483610478695757,288,238,14,0,5,2,1
1.479779426959508,298,236,13,1,4,0,1
0.4246012848722887,336,257,13,1,7,1,0
0.9580954737584887,274,238,9,1,0,2,1
2.9315973842908734,304,263,8,0,5,1,0
0.3588645904291176,303,230,13,0,7,3,0
0.05662112974772025,305,255,7,1,5,5,0
7.6146659199396725,307,236,6,0,4,1,0
0.49981695042271806,309,243,6,0,2,4,0
4.633911238409699,318,222,10,0,2,0,0
0.8961256804766731,277,233,6,0,4,2,0
0.8256420644094692,307,228,11,0,7,0,1
1.0573973281234499,276,265,7,1,3,1,0
0.8652004310800835,281,261,14,0,0,2,0
3.2866007721058237,305,237,9,0,3,1,1
0.541839969733569,311,272,6,1,0,3,1
0.16524186914290526,290,237,12,0,7,5,0
1.956562186501158,300,245,9,0,4,3,0
1.1492041486277225,287,248,8,0,1,4,1
0.035552056131649704,696,291,15,0,4,1,0
1.140745312883801,301,243,14,0,4,1,1
1.6666559412473205,276,267,14,0,4,4,0
0.38133818512483253,301,242,9,0,4,3,0
0.5290392046262927,319,242,13,0,7,1,0
0.12925087839464033,278,264,7,0,6,2,1
0.341995442943243,298,245,13,0,2,1,1
1.1303923970986762,307,246,14,0,1,4,0
0.03132551049452673,289,285,10,0,7,3,0
1.498239964655119,346,272,11,0,5,3,1
2.909525789246988,1997,246,28,1,0,1,1
0.11648848407079415,287,244,6,0,4,0,0
0.5826447774447809,316,235,13,0,0,1,1
0.2364407702246564,322,230,12,0,0,0,0
0.6639697866287033,298,254,13,0,1,3,0
1.5871012136049227,313,216,7,0,2,0,1
1.0696394692980504,303,253,13,0,0,2,0
0.5248480295072961,318,258,9,0,6,4,0
0.21316245202446574,1413,235,24,0,3,0,0
4.037777301333368,290,231,14,0,4,1,0
0.30747286389886563,288,257,13,1,6,4,1
0.36275839846482716,286,215,14,1,6,2,0
0.005163482460343287,308,247,7,0,6,2,1
4.4518165049200356,310,248,8,0,1,1,0
1.5214784623056745,279,243,8,0,5,2,0
1.9924428504444318,253,239,9,0,7,0,1
1.938160518658713,264,245,14,1,0,2,0
0.5333808122969064,293,243,12,0,6,1,1
0.5906182244799995,292,234,10,0,6,1,1
1.6787911432782539,298,267,13,0,6,0,0
1.2853241981638621,296,255,7,1,3,3,1
0.08374063794559447,302,238,11,0,1,2,1
0.6901677891544339,309,225,10,0,5,3,1
3.2699078378836677,300,267,7,0,4,2,0
0.9251095979186775,310,253,11,0,5,1,0
1.0106242552345774,315,229,13,0,2,1,0
0.30665667275050684,306,230,13,0,1,2,0
4.027789598390453,294,239,13,0,7,1,0
2.4474135097858536,353,244,13,0,4,1,1
0.7164661158763665,314,262,10,0,6,3,1
0.4414302018234544,280,235,6,0,7,5,0
0.3249491602454103,300,242,14,0,3,3,1
0.5266391163856333,319,246,10,0,2,0,0
0.16672159325055236,308,255,11,0,7,2,1
0.2811884915478233,257,252,6,0,5,3,0
0.04986771594142374,339,238,13,1,5,3,0
1.9721284106344315,275,261,13,0,7,1,0
0.08782682803792576,304,255,14,0,1,1,0
0.05317782844916595,304,264,7,1,2,2,0
1.9511916905632947,322,235,13,1,0,2,1
0.7776092633146209,298,253,11,0,3,1,0
1.2935477418096084,303,239,7,0,3,2,1
1.7380989833144236,265,232,10,0,3,2,1
0.6855952442714304,308,225,10,1,1,2,0
1.3483326739047288,315,242,11,0,6,2,1
0.7351651273206926,314,232,6,0,3,4,1
3.79403112784013,276,279,11,0,3,3,0
1.6908184490631526,280,269,12,0,6,1,1
0.36200471165507825,452,265,14,0,3,1,0
0.7183971542486646,280,258,12,0,7,1,1
0.22175873616415026,331,246,11,0,1,0,0
1.2715889926083863,293,245,12,1,6,3,0
0.2782911781728329,277,242,6,0,7,0,0
0.7270091795499397,328,252,13,1,6,0,1
0.7515935950272835,285,246,9,0,7,1,0
0.8178911523596042,298,269,10,0,5,1,0
0.28532846004055956,301,244,10,1,4,3,1
0.747032816294225,295,257,14,1,6,0,1
1.875913026465372,288,251,8,1,7,2,0
0.29741451045496914,297,249,9,1,4,1,1
0.4277255928656624,320,257,12,0,5,2,0
1.206990853738269,243,257,11,0,0,1,0
0.22891763329991333,278,265,8,0,7,3,1
3.034809090507148,317,242,9,1,6,1,1
1.452332950940178,307,243,13,1,1,2,0
1.4570341078894973,280,255,13,1,2,2,0
1.2551710486544787,291,246,7,1,1,3,0
0.3722866994069895,299,235,9,0,2,3,0
0.6095027334204589,289,245,12,0,7,3,1
0.7172839401436035,329,277,8,0,3,3,0
0.7704952858774533,317,255,7,0,3,1,0
1.3860453731024809,306,271,7,0,6,1,0
0.37518495314397843,267,255,10,0,2,1,1
0.6067611255970965,283,213,9,1,7,3,1
3.496210389637782,304,260,8,0,6,1,1
2.869132014946973,273,273,7,0,2,2,0
0.3579785179705903,300,232,11,1,5,2,0
1.102755389024073,292,283,13,0,3,1,1
0.24834822528284609,267,262,7,0,2,0,0
0.4105999456464052,306,269,11,0,7,1,0
0.39127881292710265,375,229,14,0,3,2,0
1.0718471367891558,307,246,11,0,0,1,0
2.6513028086310966,303,237,11,0,3,4,1
0.6374503687411656,320,256,7,0,4,4,0
3.0279196512307984,296,226,14,1,1,0,1
2.229068204092858,293,265,14,1,5,0,1
0.7548298524682964,271,233,12,0,1,0,1
1.139992548018889,296,242,14,1,0,1,0
0.9590742601583391,294,287,11,0,4,3,1
1.7945510389543355,322,255,11,0,1,1,0
0.9013250837489306,263,255,13,0,6,4,0
0.7151062241587195,310,280,6,1,0,3,0
0.9165641487194326,267,264,7,1,3,3,0
0.8683577632509016,286,254,7,1,0,0,0
0.2959018989920517,302,256,11,0,3,5,0
0.024479156463488937,289,235,8,0,7,2,0
0.5063880743184056,312,249,9,0,5,3,0
0.4471687635204305,291,252,10,0,4,1,0
5.971024179973087,343,233,12,0,1,4,1
0.8367475748695001,282,242,10,0,2,0,0
0.8867425246826688,283,250,6,0,3,1,0
1.0890890722800681,273,245,12,0,4,2,0
1.1830511473870078,306,227,9,0,1,1,0
0.175690558380058,315,234,7,0,7,0,1
0.6501806879732169,329,232,11,0,5,1,0
0.08327718487513214,317,237,8,0,2,3,0
0.0013809508462037995,293,271,10,0,0,1,0
0.7269213800746753,296,225,14,0,4,2,0
3.9858206512322703,298,229,8,0,3,2,0
0.6416913560734607,310,218,13,1,5,1,1
0.07360346771526352,292,283,10,0,4,1,0
0.3460686661343212,325,235,14,0,5,1,1
0.20331328072565982,305,257,13,0,6,2,1
1.2929728988285383,292,256,13,0,4,2,1
0.38317243784700245,295,255,7,0,5,2,1
1.0388818809867946,296,251,13,0,2,3,0
0.5531418813682558,311,258,9,1,7,3,1
1.0319632371898158,293,248,14,0,3,1,0
0.9579644243026572,317,255,14,0,5,1,0
2.1997346736488432,283,247,11,0,7,3,1
0.3682393256211731,1578,267,27,0,2,4,0
0.42593890428973674,306,250,10,0,0,3,1
0.6480501785063669,320,284,7,0,1,1,0
0.7424585601173995,283,252,13,0,1,3,0
0.23156268125597457,258,256,10,0,0,0,0
0.8034262444314236,316,252,6,1,4,1,0
1.3330779863092823,298,270,6,0,2,3,0
0.30037051325973746,300,233,12,1,0,2,0
2.1499206649732017,303,255,14,0,1,3,0
1.7836728315321144,279,273,12,0,2,2,0
1.6517344132245033,295,240,9,0,2,2,0
1.3938114558103905,723,282,13,0,7,2,1
1.0660184944873716,286,234,9,0,5,0,0
0.6635759863125155,302,248,8,0,5,4,1
1.1000411490580104,283,239,8,0,5,3,0
1.9209277216683813,297,257,7,0,6,4,1
0.5699264556988975,303,257,11,0,2,4,1
0.18274688906899925,300,242,7,0,0,1,0
3.14783518252673,299,286,7,0,4,5,1
2.5989871358650998,298,255,8,1,0,1,0
0.4495421194260241,328,271,13,0,1,1,0
0.5005519386906965,318,247,11,0,6,2,1
1.5714482546292907,292,232,10,1,4,2,1
0.5866087072525246,296,261,11,0,5,4,1
0.6049793776185496,319,268,11,0,4,1,0
0.7897550093001079,307,253,10,0,4,4,1
0.2716516481692965,281,231,13,0,2,1,0
0.8318516004243274,306,247,12,0,1,2,0
0.24447964588544407,319,238,7,0,2,2,0
0.4468692660324377,296,238,13,1,6,4,1
0.3448632846355066,328,214,7,0,7,2,1
0.08106018626446736,308,233,6,0,0,2,0
2.099003921952493,299,241,9,0,4,3,0
0.4000341067908433,324,228,9,0,3,2,0
0.36932047688565905,263,254,13,0,4,1,1
6.604078746793234,298,255,12,0,1,1,1
0.9046912958530675,269,225,5,0,0,1,0
0.05425890979372839,253,259,10,0,1,3,0
0.5691079311302746,298,251,13,1,1,2,0
0.4206208682215165,305,250,12,0,0,0,0
0.6580539844911873,284,238,10,1,2,3,1
0.21072056340542494,313,241,11,0,5,2,0
0.19131466242080122,314,225,11,0,7,0,0
0.09666365813060007,294,243,8,0,5,3,0
1.2930881631225695,320,246,11,0,1,4,1
0.029601171530599286,300,237,12,0,2,0,0
1.5494811462396911,291,247,6,0,2,2,0
0.17588994643892336,311,261,12,0,1,2,1
1.4522951647377231,327,266,8,0,7,2,0
1.2877043648353141,278,250,6,1,5,1,1
1.1097641077608855,317,228,12,1,3,2,0
0.03926012237168835,284,260,9,0,3,1,1
0.4389610859361734,301,262,9,0,2,0,0
1.0687939131454993,312,263,11,1,3,0,0
0.021320344717722737,310,271,11,0,5,1,0
0.3799424610062796,292,250,11,1,7,1,1
0.5163709203357599,280,239,14,0,3,1,0
2.1021039810567443,340,234,11,1,1,2,0
0.26793106662271116,310,276,6,0,7,3,1
0.22081648822308775,301,250,8,0,2,0,1
3.419710330348553,299,248,10,0,0,1,0
0.4570946283321509,1313,248,20,0,4,1,0
0.45926290550633125,322,232,9,0,6,2,1
1.4416110455641407,305,255,7,1,2,1,0
1.2286469355172485,320,230,6,0,2,2,0
0.5811104622341081,295,243,7,0,2,2,0
0.9647670537703462,297,273,14,0,6,2,1
0.407096897492483,300,251,9,0,7,0,0
1.1945861076370208,313,233,14,0,6,1,0
0.15106705178749444,296,264,9,0,1,1,0
0.15129074228258077,279,259,8,0,6,2,1
0.44031717716061186,324,249,10,1,2,2,0
0.01790838424664921,289,250,14,0,6,3,1
0.2614379553776083,300,259,11,0,7,0,1
0.7428297245860497,314,277,6,0,5,4,1
0.42689373226775196,288,272,8,0,7,0,0
0.14753111917873246,291,233,14,1,1,1,0
6.238665463290679,300,245,7,1,5,1,1
1.9606777942395661,292,245,13,0,0,2,0
0.30022337378369013,301,242,14,0,5,2,1
1.839960328442852,322,257,7,0,2,4,1
2.5748795346435616,297,246,11,0,7,2,1
1.3914778990912884,303,248,11,0,3,1,1
0.056549509590666604,324,258,13,0,6,0,0
0.8350045137392269,289,271,13,1,2,2,1
0.737277611381728,289,220,6,0,0,0,0
0.7667783962685488,289,242,8,0,5,2,0
0.11955117661709545,311,262,14,1,1,2,0
1.2566573604624942,308,258,9,0,5,5,0
2.1350841363295605,281,245,8,0,3,0,0
0.08648795032366655,288,260,11,0,7,2,0
0.31670222122694514,278,269,7,1,2,3,1
0.011677584053589077,291,254,7,1,3,5,0
1.738644370696949,305,263,13,0,5,0,1
4.811322726987763,1122,269,15,0,6,0,1
0.02013082883084768,303,259,14,1,1,3,0
2.287061030310413,280,263,8,1,5,2,1
0.5890639210115802,283,260,6,0,3,1,0
2.893232370886784,346,266,13,0,7,2,1
3.7599658912137675,307,285,7,1,5,3,0
1.6210958725826419,297,275,9,0,6,0,1
0.13450218388374457,302,274,9,0,2,0,1
0.7981409818353679,297,236,10,0,2,1,0
0.18895656564864857,323,262,10,0,6,4,1
4.731700933223162,292,279,7,0,0,5,1
0.6409755884994002,309,271,8,0,4,2,0
0.2535134831823861,270,246,7,0,7,1,0
0.3568730062117203,276,236,6,0,7,1,0
3.3731568072739075,298,266,11,1,5,3,1
0.11523989629132318,295,233,10,0,3,5,0
1.3128148605944518,275,254,6,0,6,3,0
2.2116507143548874,305,266,8,1,0,2,1
0.5195353403493256,300,268,12,0,6,3,0
1.0925034927698372,321,261,8,0,1,0,0
0.8133409534779517,300,253,9,0,5,1,0
0.6113742085038543,319,244,12,0,2,0,0
0.5127197514854673,285,239,12,1,6,2,0
0.07009258207061073,310,238,12,0,4,1,0
0.3407717489165095,309,253,9,1,7,0,0
0.19446615671454198,289,258,10,0,6,3,1
0.6061889775537609,299,273,13,0,7,3,0
1.4034445768814658,308,265,13,0,1,1,0
0.27287643024199526,299,244,6,0,3,4,1
0.3306525932913391,300,244,13,1,3,2,0
0.3927221708351918,285,259,14,0,0,3,1
1.5666354818785195,311,260,14,1,0,1,0
1.9939490416780348,303,253,8,0,0,1,0
0.1495966914780095,287,251,10,0,6,1,0
2.3380861048385766,295,261,6,1,3,2,0
1.5362925787667348,276,245,6,0,6,4,1
0.09585717752787706,316,237,11,0,6,5,1
1.1061374541786482,286,254,7,0,0,1,1
0.8955893846041308,314,276,8,0,6,2,0
0.7437713702117205,322,268,8,1,1,3,0
0.08113696453484852,287,252,10,0,3,1,1
1.0437240070308198,287,261,7,0,7,1,1
0.7778057037015934,320,266,13,0,2,4,1
0.3138524193710004,320,247,12,0,7,2,1
0.5948055857790499,297,241,13,1,4,3,1
1.4694101795096737,294,245,14,1,0,2,0
0.04708158412035466,329,251,11,0,6,2,1
0.5471558139001486,304,229,9,0,0,2,1
1.838930224441778,315,231,14,0,5,2,0
0.5607265533145667,336,262,11,1,3,2,0
1.9582544845962644,304,247,10,0,1,1,1
0.17909801675311118,316,257,9,0,4,0,1
1.4753042818616167,282,260,6,0,2,3,1
2.7770983191782057,279,250,14,1,0,2,0
0.15273075702405883,312,248,13,0,4,1,0
1.7634636759250082,284,239,12,0,0,1,0
0.3028240610038512,258,247,7,1,4,1,0
0.12239088444606568,290,250,14,1,1,2,0
0.10332595837339487,301,242,7,0,6,0,1
0.5191843648834451,311,260,8,0,7,2,1
0.014582818716896982,297,250,6,0,7,0,1
0.28142563476497057,444,250,9,0,7,2,1
0.5220407956379246,300,280,8,0,0,2,1
0.5861726646654472,325,265,13,0,4,3,0
0.23166543653096308,330,278,9,0,1,0,0
0.3825159468502206,287,225,14,0,0,3,0
0.2018443239631066,312,270,8,0,3,1,0
0.27868686098665063,322,263,10,0,3,2,0
1.1976921144220525,320,245,11,0,2,3,0
0.5347692696750135,280,250,13,0,0,1,0
1.3655174494623894,321,246,12,0,3,2,0
0.2765451208085388,323,269,13,0,1,2,0
0.02725123266302192,298,259,14,0,0,3,0
0.7712985358727665,297,249,7,0,3,3,0
1.2577418533090041,304,245,6,0,0,3,0
0.09995965202382914,306,256,10,0,7,3,1
1.1316873622324302,310,242,7,0,6,1,0
0.12261931704564659,307,274,10,1,7,1,1
0.3589514388671927,297,269,11,0,0,1,0
0.8154488520043791,297,261,8,0,3,1,0
0.10139572134639983,746,254,11,0,6,0,0
0.9753804014403124,313,238,14,1,4,1,1
0.7608939717920911,299,250,9,0,2,3,0
1.0721101632090957,322,257,13,0,6,0,1
0.08013526527854117,287,253,11,0,2,3,1
0.29096825545432475,297,244,11,0,7,1,1
1.6460444022417016,286,257,13,1,0,1,0
0.02377110258153524,273,239,8,0,5,1,1
1.7414238360078629,288,275,7,0,0,1,0
1.304794391858336,312,246,14,0,7,2,0
0.09703294323358258,322,262,12,0,2,3,0
0.16749063593871538,275,250,8,0,0,3,0
1.502709660858254,311,269,11,0,6,2,1
0.660273234584127,300,226,9,0,7,2,1
0.5484803644175335,296,252,13,1,7,0,0
0.3111727764883643,286,252,10,0,3,3,0
0.5721839245115528,317,268,8,0,0,2,0
0.4437364966923777,307,255,12,0,1,2,1
0.5286780610895262,283,236,12,1,0,0,0
1.7766955570714025,309,252,9,1,0,2,0
0.03477986291898165,324,248,12,0,1,3,0
2.1869435653932663,316,249,8,0,4,2,1
0.338085403473131,1177,253,17,0,6,0,0
0.3318976959586898,316,277,13,0,4,1,1
1.1316695690908152,284,242,11,1,1,1,0
1.9628808483529836,306,261,6,1,4,4,1
0.8172354939157793,268,260,12,0,1,1,0
0.2764831024306219,329,274,9,1,3,0,0
0.10922681910078728,309,234,8,0,7,3,1
0.5400855883432074,301,281,9,0,1,2,0
0.07722506538912856,305,252,10,0,6,5,0
1.9049941004011126,316,271,14,0,2,2,1
0.3469822744891066,291,272,9,1,5,1,0
1.2925251777758584,278,214,7,0,2,0,0
1.6366145374975842,287,265,12,0,1,3,0
0.8582192158847152,317,224,10,0,3,1,1
1.3233041095981553,283,242,6,1,3,2,0
0.8345066887849488,293,271,11,0,4,1,0
0.42508458740721117,300,261,10,0,1,2,0
